"category","subcategory","name","description","price","compare_price","stock","sku","image","is_active","is_featured"
"Tusha","Bateria","Bateri Kuzhine Premium Chrome","Bateri kuzhine premium me finish chrome. Spërkatës i integruar me 2 funksione. Kartridxhe qeramike japoneze. Garanci 5 vjet.","45.99","59.99","50","BAT001","products/bateria/BAT001.jpg","yes","yes"
"Tusha","Bateria","Bateri Kuzhine Mat Black","Bateri kuzhine moderne me finish mat black. Rezistente ndaj njollave dhe gjurmëve të gishtërinjve. Instalim i lehtë.","52.99","69.99","45","BAT002","products/bateria/BAT002.jpg","yes","yes"
"Tusha","Bateria","Bateri Kuzhine Gold Premium","Bateri kuzhine luksoze me finish gold 24k. Dizajn klasik. Ideale për kuzhina ekskluzive.","89.99","129.99","25","BAT003","products/bateria/BAT003.jpg","yes","yes"
"Tusha","Bateria","Bateri Kuzhine Brushed Nickel","Bateri kuzhine me finish brushed nickel. Rezistente ndaj gërvishtjeve. Teknologji për kursim uji 30%.","65.99","85.99","40","BAT004","products/bateria/BAT004.jpg","yes","yes"
"Tusha","Bateria","Bateri Kuzhine Industrial","Bateri kuzhine në stil industrial. Finish i qëndrueshëm. Material premium.","75.99","99.99","35","BAT005","products/bateria/BAT005.jpg","yes","yes"
"Tusha","Bateria","Bateri Kuzhine me Sensor","Bateri kuzhine automatike me sensor lëvizjeje. Higjienike dhe praktike. Kursen ujë automatikisht.","99.99","139.99","30","BAT006","products/bateria/BAT006.jpg","yes","yes"
"Tusha","Bateria","Bateri Kuzhine me Filtër Uji","Bateri kuzhine me filtër uji të integruar. Filtri heq papastërtitë dhe përmirëson shijen.","119.99","159.99","20","BAT007","products/bateria/BAT007.jpg","yes","yes"
"Tusha","Bateria","Bateri Kuzhine Retro Vintage","Bateri kuzhine në stil retro vintage. Finish bronzi i vjetëruar. Dizajn unik.","22.99","119.99","25","BAT008","products/bateria/BAT008.jpg","yes","yes"
"Tusha","Bateria","Bateri Kuzhine Commercial Grade","Bateri kuzhine për përdorim komercial. Shumë e qëndrueshme. Ideale për restorante.","149.99","199.99","15","BAT009","products/bateria/BAT009.jpg","yes","yes"
"Tusha","Bateria","Bateri Kuzhine Pot Filler","Bateri kuzhine e montuar në mur. Krahu rrotullues 180 gradë. Praktike për gatim.","129.99","179.99","15","BAT010","products/bateria/BAT010.jpg","yes","yes"
"Tusha","Bateria","Bateri Kuzhine Smart Touch","Bateri kuzhine me prekje smart. Kontrollo temperaturën me një prekje. Memorie e temperaturës.","109.99","159.99","25","BAT011","products/bateria/BAT011.jpg","yes","yes"
"Tusha","Bateria","Bateri Kuzhine Waterfall","Bateri kuzhine me efekt ujëvarë. Rrjedhja e ujit krijon efekt vizual. Spërkatës i integruar.","79.99","109.99","30","BAT012","products/bateria/BAT012.jpg","yes","yes"
"Tusha","Bateria","Bateri Banjo Classic Chrome","Bateri banjo klasike me finish chrome. Dizajn elegant. Dorezë ergonomike.","35.99","49.99","50","BAT013","products/bateria/BAT013.jpg","yes","no"
"Tusha","Bateria","Bateri Banjo Modern Mat Black","Bateri banjo moderne me finish mat black. Rezistente ndaj ujit dhe njollave.","49.99","69.99","45","BAT014","products/bateria/BAT014.jpg","yes","yes"
"Tusha","Bateria","Bateri Banjo Gold Edition","Bateri banjo luksoze me finish gold 24k. Për banjo ekskluzive. Dizajn mbresëlënës.","95.99","139.99","20","BAT015","products/bateria/BAT015.jpg","yes","yes"
"Tusha","Bateria","Bateri Banjo Harkore L","Bateri banjo me finish brushed nickel. Rezistente ndaj gërvishtjeve. Dorezë e vetme.","34.99","79.99","35","BAT016","products/bateria/BAT016.jpg","yes","yes"
"Tusha","Bateria","Bateri Banjo Harkore L white","Bateri banjo me doreza qeramike të bardha. Stil klasik dhe elegant.","34.99","59.99","50","BAT017","products/bateria/BAT017.jpg","yes","no"
"Tusha","Bateria","Bateri Banjo Termostatike","Bateri banjo me termostat për kontroll të saktë të temperaturës. Parandalon djegiet.","89.99","129.99","25","BAT018","products/bateria/BAT018.jpg","yes","yes"
"Tusha","Bateria","Bateri Banjo me Kaskadë","Bateri banjo me ujë që rrjedh si kaskadë. Efekt luksoz dhe relaksues.","79.99","109.99","30","BAT019","products/bateria/BAT019.jpg","yes","yes"
"Tusha","Bateria","Bateri Banjo me Sensor","Bateri banjo automatike pa prekje dore. Higjienike dhe praktike.","69.99","99.99","35","BAT020","products/bateria/BAT020.jpg","yes","no"
"Tusha","Bateria","Bateri Banjo të Gjatë","Bateri banjo me grykë të gjatë 150mm. Ideale për lavamanë të mëdhenj.","54.99","74.99","40","BAT021","products/bateria/BAT021.jpg","yes","no"
"Tusha","Bateria","Bateri Banjo të Shkurtër","Bateri banjo kompakte për lavamanë të vegjël. Ideale për banjo të vogla.","29.99","39.99","60","BAT022","products/bateria/BAT022.jpg","yes","no"
"Tusha","Bateria","Bateri Banjo LED","Bateri banjo me dritë LED. Ngjyra ndryshon sipas temperaturës së ujit.","84.99","119.99","30","BAT023","products/bateria/BAT023.jpg","yes","yes"
"Tusha","Bateria","Bateri Banjo Vintage","Bateri banjo në stil vintage me bronz të vjetëruar. Për banjo me stil klasik.","74.99","99.99","35","BAT024","products/bateria/BAT024.jpg","yes","no"
"Tusha","Bateria","Bateri Banjo Wall Mount","Bateri banjo e montuar në mur. Kursen hapësirë në lavaman.","49.99","69.99","45","BAT025","products/bateria/BAT025.jpg","yes","no"
"Tusha","Bateria","Bateri Llavabo Standard Chrome","Bateri llavabo standarde me finish chrome. Dizajn i thjeshtë dhe funksional.","24.99","34.99","80","BAT026","products/bateria/BAT026.jpg","yes","no"
"Tusha","Bateria","Bateri Llavabo High Arc","Bateri llavabo me grykë të lartë 120mm. Hapësirë e mjaftueshme për larje.","44.99","64.99","55","BAT027","products/bateria/BAT027.jpg","yes","no"
"Tusha","Bateria","Bateri Llavabo Wall Mount","Bateri llavabo e montuar në mur. Kursen hapësirë. Ideale për lavamanë të vegjël.","39.99","55.99","60","BAT028","products/bateria/BAT028.jpg","yes","no"
"Tusha","Bateria","Bateri Llavabo Waterfall","Bateri llavabo me efekt ujëvarë. Finish chrome premium.","59.99","79.99","35","BAT029","products/bateria/BAT029.jpg","yes","no"
"Tusha","Bateria","Bateri Llavabo me Sensor","Bateri llavabo automatike pa prekje dore. Higjienike për ambiente publike.","54.99","74.99","40","BAT030","products/bateria/BAT030.jpg","yes","no"
"Tusha","Bateria","Bateri Llavabo Low Arc","Bateri llavabo kompakte me grykë të ulët. Ideale për hapësira të vogla.","29.99","39.99","75","BAT031","products/bateria/BAT031.jpg","yes","no"
"Tusha","Bateria","Bateri Llavabo Single Handle","Bateri llavabo me një dorezë. Kontroll i lehtë i temperaturës dhe rrjedhjes.","32.99","45.99","65","BAT032","products/bateria/BAT032.jpg","yes","no"
"Tusha","Bateria","Bateri Llavabo Two Handles","Bateri llavabo me dy doreza. Kontroll i veçantë i ujit të nxehtë dhe të ftohtë.","49.99","69.99","45","BAT033","products/bateria/BAT033.jpg","yes","no"
"Tusha","Bateria","Bateri Llavabo Vintage","Bateri llavabo në stil vintage me bronz. Për ambiente me stil klasik.","69.99","94.99","30","BAT034","products/bateria/BAT034.jpg","yes","no"
"Tusha","Bateria","Bateri Llavabo Modern","Bateri llavabo me dizajn modern minimalist. Finish mat black elegant.","44.99","64.99","50","BAT035","products/bateria/BAT035.jpg","yes","no"
"Tusha","Bateria","Bateri Dush Premium Chrome","Bateri dush e kompletuar me finish chrome. Përfshin kokatër tub dhe grykë dushi.","85.99","119.99","40","BAT036","products/bateria/BAT036.jpg","yes","yes"
"Tusha","Bateria","Bateri Dush Mat Black","Bateri dush moderne me finish mat black. Dizajn elegant për banjo bashkëkohore.","99.99","139.99","35","BAT037","products/bateria/BAT037.jpg","yes","yes"
"Tusha","Bateria","Bateri Dush Gold","Bateri dush luksoze me finish gold. Për banjo ekskluzive.","149.99","199.99","20","BAT038","products/bateria/BAT038.jpg","yes","yes"
"Tusha","Bateria","Bateri Dush Termostatike","Bateri dush me termostat për temperaturë konstante. Siguri absolute.","129.99","179.99","25","BAT039","products/bateria/BAT039.jpg","yes","yes"
"Tusha","Bateria","Bateri Dush me Sensor","Bateri dush me sensor lëvizjeje. Aktivizohet automatikisht.","119.99","169.99","30","BAT040","products/bateria/BAT040.jpg","yes","yes"
"Tusha","Bateria","Bateri Bide Classic","Bateri bide klasike me finish chrome. Doreza anësore për kontroll të lehtë.","35.99","49.99","45","BAT041","products/bateria/BAT041.jpg","yes","no"
"Tusha","Bateria","Bateri Bide Modern","Bateri bide moderne me finish mat black. Dizajn minimalist.","49.99","69.99","40","BAT042","products/bateria/BAT042.jpg","yes","no"
"Tusha","Bateria","Bateri Bide Premium","Bateri bide me dy doreza. Finish brushed nickel rezistent.","59.99","79.99","35","BAT043","products/bateria/BAT043.jpg","yes","no"
"Tusha","Bateria","Bateri Oborr Inox","Bateri oborri prej inoxi rezistent. Ideale për përdorim të jashtëm.","55.99","79.99","30","BAT044","products/bateria/BAT044.jpg","yes","yes"
"Tusha","Bateria","Bateri Oborr Plastike","Bateri oborri ekonomike prej plastike. Rezistente ndaj UV.","25.99","35.99","60","BAT045","products/bateria/BAT045.jpg","yes","no"
"Tusha","Bateria","Bateri Oborr Premium","Bateri oborri profesionale. Finish brushed nickel.","89.99","129.99","25","BAT046","products/bateria/BAT046.jpg","yes","yes"
"Tusha","Bateria","Bateri Lavaman Chrome","Bateri lavamani standarde me finish chrome. Dizajn praktik.","34.99","49.99","50","BAT047","products/bateria/BAT047.jpg","yes","no"
"Tusha","Bateria","Bateri Lavaman Mat Black","Bateri lavamani moderne me finish mat black.","24.99","69.99","40","BAT048","products/bateria/BAT048.jpg","yes","no"
"Tusha","Bateria","Bateri Lavaman Premium","Bateri lavamani me finish brushed nickel. Dizajn elegant.","69.99","94.99","35","BAT049","products/bateria/BAT049.jpg","yes","yes"
"Tusha","Bateria","Bateri Garazh Heavy Duty","Bateri garazhi e qëndrueshme për përdorim të rëndë.","45.99","65.99","40","BAT050","products/bateria/BAT050.jpg","yes","no"
"Tusha","Bateria","Bateri Garazh Standard","Bateri garazhi standarde. Finish i qëndrueshëm.","29.99","39.99","60","BAT051","products/bateria/BAT051.jpg","yes","no"
"Tusha","Bateria","Bateri Pusi Zhytëse","Bateri e posaçme për puse dhe burime uji.","159.99","199.99","15","BAT052","products/bateria/BAT052.jpg","yes","yes"
"Tusha","Bateria","Bateri Ngrohës Uji Elektrik","Bateri me ngrohës uji elektrik të integruar.","89.99","129.99","25","BAT053","products/bateria/BAT053.jpg","yes","yes"
"Tusha","Bateria","Bateri me Dozues Sapuni","Bateri kuzhine me dozues sapuni të integruar.","79.99","109.99","30","BAT054","products/bateria/BAT054.jpg","yes","yes"
"Tusha","Bateria","Bateri me Ozimim Uji","Bateri me sistem ozonimi për pastrimin e ushqimeve.","199.99","249.99","10","BAT055","products/bateria/BAT055.jpg","yes","yes"
"Tusha","Bateria","Bateri me Filtër Anti-Kalk","Bateri me filtër që largon kalkun nga uji.","99.99","139.99","20","BAT056","products/bateria/BAT056.jpg","yes","yes"
"Tusha","Bateria","Bateri me Ndriçim LED","Bateri me dritë LED që ndizet kur hapet uji.","64.99","89.99","35","BAT057","products/bateria/BAT057.jpg","yes","no"
"Tusha","Bateria","Bateri me Spërkatës të Jashtëm","Bateri kuzhine me spërkatës të jashtëm.","72.99","99.99","30","BAT058","products/bateria/BAT058.jpg","yes","no"
"Tusha","Bateria","Bateri me Leva të Gjata","Bateri me leva të gjata për kontroll më të lehtë.","55.99","75.99","40","BAT059","products/bateria/BAT059.jpg","yes","no"
"Tusha","Bateria","Bateri me Dorezë të Lartë","Bateri me dorezë të lartë 200mm. Dizajn ergonomik.","49.99","69.99","45","BAT060","products/bateria/BAT060.jpg","yes","no"
"Tusha","Bateria","Bateri Ekonomike Standarde","Bateri ekonomike për ambiente me përdorim të ulët.","19.99","29.99","100","BAT061","products/bateria/BAT061.jpg","yes","no"
"Tusha","Bateria","Bateri Deluxe Chrome","Bateri deluxe me finish chrome premium.","59.99","79.99","40","BAT062","products/bateria/BAT062.jpg","yes","yes"
"Tusha","Bateria","Bateri Executive","Bateri executive me dizajn profesional.","69.99","94.99","35","BAT063","products/bateria/BAT063.jpg","yes","no"
"Tusha","Bateria","Bateri Elite Premium","Bateri elite e klasit të lartë.","129.99","179.99","20","BAT064","products/bateria/BAT064.jpg","yes","yes"
"Tusha","Bateria","Bateri Standard Plus","Bateri standarde me përmirësime.","34.99","49.99","55","BAT065","products/bateria/BAT065.jpg","yes","no"
"Tusha","Bateria","Bateri Luxurious","Bateri luksoze me detaje të arta.","159.99","219.99","15","BAT066","products/bateria/BAT066.jpg","yes","yes"
"Tusha","Bateria","Bateri Professional Heavy Duty","Bateri profesionale për përdorim intensiv.","179.99","249.99","20","BAT067","products/bateria/BAT067.jpg","yes","yes"
"Tusha","Bateria","Bateri Speciale e Jashtme","Bateri speciale për përdorim të jashtëm.","145.99","199.99","25","BAT068","products/bateria/BAT068.jpg","yes","yes"
"Tusha","Bateria","Bateri Anti-Bakteriale","Bateri me sipërfaqe anti-bakteriale. Vret 99.9 përqind të baktereve.","89.99","129.99","30","BAT069","products/bateria/BAT069.jpg","yes","yes"
"Tusha","Bateria","Bateri me Kursim Uji","Bateri me teknologji eko për kursim uji deri në 50 përqind.","75.99","109.99","40","BAT070","products/bateria/BAT070.jpg","yes","yes"
"Tusha","Bateria","Bateri pa Kabllo","Bateri që funksionon me bateri të ringarkueshme.","49.99","69.99","35","BAT071","products/bateria/BAT071.jpg","yes","no"
"Tusha","Bateria","Bateri Portative","Bateri e lëvizshme për kampera dhe udhëtime.","39.99","59.99","45","BAT072","products/bateria/BAT072.jpg","yes","no"
"Tusha","Bateria","Bateri Garden Waterfall","Bateri kopshti me efekt ujëvarë. Dekorative dhe funksionale.","69.99","99.99","30","BAT073","products/bateria/BAT073.jpg","yes","yes"
"Tusha","Bateria","Bateri me Presion të Lartë","Bateri për presion të lartë uji.","85.99","119.99","25","BAT074","products/bateria/BAT074.jpg","yes","no"
"Tusha","Bateria","Bateri për Presion të Ulët","Bateri speciale për presion të ulët uji.","79.99","109.99","30","BAT075","products/bateria/BAT075.jpg","yes","no"
"Tusha","Bateria","Bateri me Motor Elektrik","Bateri me motor elektrik për hapje automatike.","199.99","279.99","10","BAT076","products/bateria/BAT076.jpg","yes","yes"
"Tusha","Bateria","Bateri me Bluetooth","Bateri inteligjente me lidhje Bluetooth.","169.99","229.99","15","BAT077","products/bateria/BAT077.jpg","yes","yes"
"Tusha","Bateria","Bateri me Zë","Bateri që aktivizohet me komandë zanore.","189.99","259.99","12","BAT078","products/bateria/BAT078.jpg","yes","yes"
"Tusha","Bateria","Bateri Praktike","Bateri me ekran që tregon temperaturën dhe presionin.","18.99","179.99","20","BAT079","products/bateria/BAT079.jpg","yes","yes"
"Tusha","Bateria","Bateri me Timer","Bateri me timer të programueshëm.","99.99","139.99","25","BAT080","products/bateria/BAT080.jpg","yes","no"
"Tusha","Bateria","Bateri me Kartelë","Bateri që punon me kartelë elektronike.","149.99","199.99","20","BAT081","products/bateria/BAT081.jpg","yes","yes"
"Tusha","Bateria","Bateri Smart Home","Bateri e integruar në sistemin Smart Home.","159.99","219.99","18","BAT082","products/bateria/BAT082.jpg","yes","yes"
"Tusha","Bateria","Bateri me Sensor Lage","Bateri me sensor lage që aktivizohet kur ndjen duart.","79.99","109.99","30","BAT083","products/bateria/BAT083.jpg","yes","no"
"Tusha","Bateria","Bateri Lavaman Double","Bateri për lavamanë dyshe me dy grykë uji.","119.99","169.99","25","BAT084","products/bateria/BAT084.jpg","yes","yes"
"Tusha","Bateria","Bateri me Karikues USB","Bateri me port USB për karikimin e pajisjeve.","69.99","99.99","35","BAT085","products/bateria/BAT085.jpg","yes","no"
"Tusha","Bateria","Bateri me Ngrohje","Bateri me sistem ngrohje për ujë të nxehtë instant.","139.99","189.99","20","BAT086","products/bateria/BAT086.jpg","yes","yes"
"Tusha","Bateria","Bateri me Ftohje","Bateri me sistem ftohje për ujë të freskët.","159.99","219.99","15","BAT087","products/bateria/BAT087.jpg","yes","yes"
"Tusha","Bateria","Bateri me Gaz","Bateri me gaz për ambiente pa energji elektrike.","89.99","129.99","25","BAT088","products/bateria/BAT088.jpg","yes","no"
"Tusha","Bateria","Bateri Solare","Bateri që punon me energji solare. Ekologjike dhe ekonomike.","179.99","249.99","12","BAT089","products/bateria/BAT089.jpg","yes","yes"
"Tusha","Bateria","Bateri me Ventil","Bateri me ventilator për tharjen e duarve.","99.99","139.99","30","BAT090","products/bateria/BAT090.jpg","yes","no"
"Tusha","Bateria","Bateri me Dezinfektues","Bateri me dozues dezinfektues për duar.","84.99","119.99","25","BAT091","products/bateria/BAT091.jpg","yes","yes"
"Tusha","Bateria","Bateri me Sapun Likuid","Bateri me dozues sapuni likuid të integruar.","74.99","104.99","30","BAT092","products/bateria/BAT092.jpg","yes","no"
"Tusha","Bateria","Bateri me Shkumë Sapuni","Bateri që prodhon shkumë sapuni direkt.","89.99","129.99","25","BAT093","products/bateria/BAT093.jpg","yes","yes"
"Tusha","Bateria","Bateri Anti-Virus","Bateri me teknologji që largon viruset dhe bakteriet.","199.99","279.99","10","BAT094","products/bateria/BAT094.jpg","yes","yes"
"Tusha","Bateria","Bateri me Filtër Nano","Bateri me filtër nano-teknologji për ujë të pastër.","149.99","199.99","18","BAT095","products/bateria/BAT095.jpg","yes","yes"
"Tusha","Bateria","Bateri me Mineralizim","Bateri që mineralizon ujin duke shtuar minerale.","169.99","229.99","15","BAT096","products/bateria/BAT096.jpg","yes","yes"
"Tusha","Bateria","Bateri me Alkaline","Bateri që alkaline ujin për përfitime shëndetësore.","159.99","219.99","15","BAT097","products/bateria/BAT097.jpg","yes","yes"
"Tusha","Bateria","Bateri me Hidrojen","Bateri që prodhon ujë të pasuruar me hidrogjen.","189.99","269.99","12","BAT098","products/bateria/BAT098.jpg","yes","yes"
"Tusha","Bateria","Bateri me EMS","Bateri me stimulim elektrik për përdorim terapeutik.","229.99","319.99","8","BAT099","products/bateria/BAT099.jpg","yes","yes"
"Tusha","Bateria","Bateri me Magnet","Bateri me magnetoterapi për relaksim.","209.99","289.99","10","BAT100","products/bateria/BAT100.jpg","yes","yes"
"Tusha","Bateria","Bateri Smart Scale","Bateri me peshore të integruar për matjen e ujit.","124.99","174.99","20","BAT101","products/bateria/BAT101.jpg","yes","yes"
"Vegla Pune","Diska","Diska 10608","Produkt cilesor nga kategoria Diska. Pershkrimi final dhe specifikat duhet te plotesohen pas verifikimit te produktit.","5.80","","10","VS-DIS-10608","products/vs/MJETE-PUNE-VS-DISKAT-VS/10608.jpg","true","false"
"Vegla Pune","Diska","Disk Betoni 115¥10*22.23 Mm","Disk Betoni 115¥10*22.23 Mm. Produkt per Diska. Kodi i produktit: 20153.","5.08","","10","VS-DIS-20153","products/vs/MJETE-PUNE-VS-DISKAT-VS/20153.jpg","true","false"
"Vegla Pune","Diska","Diska 20156","Produkt cilesor nga kategoria Diska. Pershkrimi final dhe specifikat duhet te plotesohen pas verifikimit te produktit.","1.45","","10","VS-DIS-20156","products/vs/MJETE-PUNE-VS-DISKAT-VS/20156.jpg","true","false"
"Vegla Pune","Diska","Disk Preres Tyro 230","Disk Preres Tyro 230. Produkt per Diska. Kodi i produktit: 20158.","5.80","","10","VS-DIS-20158","products/vs/MJETE-PUNE-VS-DISKAT-VS/20158.jpg","true","false"
"Vegla Pune","Diska","Disk Preres Tyro 400%10*50","Disk Preres Tyro 400%10*50. Produkt per Diska. Kodi i produktit: 20421.","36.25","","10","VS-DIS-20421","products/vs/MJETE-PUNE-VS-DISKAT-VS/20421.jpg","true","false"
"Vegla Pune","Diska","Diska 20603","Produkt cilesor nga kategoria Diska. Pershkrimi final dhe specifikat duhet te plotesohen pas verifikimit te produktit.","7.25","","10","VS-DIS-20603","products/vs/MJETE-PUNE-VS-DISKAT-VS/20603.jpg","true","false"
"Vegla Pune","Diska","Disk per Dru 115*30T","Disk per Dru 115*30T. Produkt per Diska. Kodi i produktit: 20804.","1.45","","10","VS-DIS-20804","products/vs/MJETE-PUNE-VS-DISKAT-VS/20804.jpg","true","false"
"Vegla Pune","Diska","Disk per Dru 230*40T","Disk per Dru 230*40T. Produkt per Diska. Kodi i produktit: 20805.","3.63","","10","VS-DIS-20805","products/vs/MJETE-PUNE-VS-DISKAT-VS/20805.jpg","true","false"
"Vegla Pune","Diska","Disk per Dru 230*40T Kw","Disk per Dru 230*40T Kw. Produkt per Diska. Kodi i produktit: 22002.","5.08","","10","VS-DIS-22002","products/vs/MJETE-PUNE-VS-DISKAT-VS/22002.jpg","true","false"
"Vegla Pune","Diska","Diska 249","Produkt cilesor nga kategoria Diska. Pershkrimi final dhe specifikat duhet te plotesohen pas verifikimit te produktit.","2.90","","10","VS-DIS-249","products/vs/MJETE-PUNE-VS-DISKAT-VS/249.jpg","true","false"
"Vegla Pune","Diska","Diska 444","Produkt cilesor nga kategoria Diska. Pershkrimi final dhe specifikat duhet te plotesohen pas verifikimit te produktit.","2.17","","10","VS-DIS-444","products/vs/MJETE-PUNE-VS-DISKAT-VS/444.jpg","true","false"
"Vegla Pune","Diska","Disk Flet Flet F150 (P40 60 80","Disk Flet Flet F150 (P40 60 80. Produkt per Mjete Pune. Kodi i produktit: 10609.","1.01","","10","VS-MJE-10609","products/vs/MJETE-PUNE-VS/10609.jpg","true","false"
"Vegla Pune","Mjete Pune","Mjete Pune 1207","Produkt cilesor nga kategoria Mjete Pune. Pershkrimi final dhe specifikat duhet te plotesohen pas verifikimit te produktit.","6.53","","10","VS-MJE-1207","products/vs/MJETE-PUNE-VS/1207.jpg","true","false"
"Vegla Pune","Mjete Pune","Mjete Pune 1213","Produkt cilesor nga kategoria Mjete Pune. Pershkrimi final dhe specifikat duhet te plotesohen pas verifikimit te produktit.","4.35","","10","VS-MJE-1213","products/vs/MJETE-PUNE-VS/1213.jpg","true","false"
"Vegla Pune","Matese","Meter 7.5","Meter 7.5. Produkt per Mjete Pune. Kodi i produktit: 1326.","1.89","","10","VS-MJE-1326","products/vs/MJETE-PUNE-VS/1326.jpg","true","false"
"Vegla Kopshti","Karroca","Osa per Gom Karroces","Osa per Gom Karroces. Produkt per Mjete Pune. Kodi i produktit: 1449.","0.73","","10","VS-MJE-1449","products/vs/MJETE-PUNE-VS/1449.jpg","true","false"
"Vegla Pune","Shajme","Pastrues Keramikave A-35","Pastrues Keramikave A-35. Produkt per Mjete Pune. Kodi i produktit: 1470.","1.89","","10","VS-MJE-1470","products/vs/MJETE-PUNE-VS/1470.jpg","true","false"
"Vegla Pune","Shajme","Pastrues Keramikave G-45","Pastrues Keramikave G-45. Produkt per Mjete Pune. Kodi i produktit: 1471.","2.17","","10","VS-MJE-1471","products/vs/MJETE-PUNE-VS/1471.jpg","true","false"
"Vegla Pune","Mjete Pune","Mjete Pune 1499","Produkt cilesor nga kategoria Mjete Pune. Pershkrimi final dhe specifikat duhet te plotesohen pas verifikimit te produktit.","2.90","","10","VS-MJE-1499","products/vs/MJETE-PUNE-VS/1499.jpg","true","false"
"Vegla Pune","Mjete Pune","Mjete Pune 1523","Produkt cilesor nga kategoria Mjete Pune. Pershkrimi final dhe specifikat duhet te plotesohen pas verifikimit te produktit.","5.80","","10","VS-MJE-1523","products/vs/MJETE-PUNE-VS/1523.jpg","true","false"
"Elektronike","Pompa","Pump Zhytse Dc 12V","Pump Zhytse Dc 12V. Produkt per Mjete Pune. Kodi i produktit: 1563.","14.50","","10","VS-MJE-1563","products/vs/MJETE-PUNE-VS/1563.jpg","true","false"
"Vegla Pune","Rrota","Rrot-Levizese Mobile 4/1","Rrot-Levizese Mobile 4/1. Produkt per Mjete Pune. Kodi i produktit: 1809.","2.90","","10","VS-MJE-1809","products/vs/MJETE-PUNE-VS/1809.jpg","true","false"
"Vegla Pune","Doreza Pune","Dorza Pune Kafta 10” Id5","Dorza Pune Kafta 10” Id5. Produkt per Mjete Pune. Kodi i produktit: 20047.","5.80","","10","VS-MJE-20047","products/vs/MJETE-PUNE-VS/20047.jpg","true","false"
"Vegla Pune","Doreza Pune","Dorza Pune Hiri 10” 35Gr","Dorza Pune Hiri 10” 35Gr. Produkt per Mjete Pune. Kodi i produktit: 20048.","4.35","","10","VS-MJE-20048","products/vs/MJETE-PUNE-VS/20048.jpg","true","false"
"Vegla Pune","Doreza Pune","Dorza Pune Gjelbert 10” 339","Dorza Pune Gjelbert 10” 339. Produkt per Mjete Pune. Kodi i produktit: 20049.","7.83","","10","VS-MJE-20049","products/vs/MJETE-PUNE-VS/20049.jpg","true","false"
"Vegla Pune","Brava","Cilinder per Dyer Brass Dak 60Cm","Cilinder per Dyer Brass Dak 60Cm. Produkt per Mjete Pune. Kodi i produktit: 20089.","2.90","","10","VS-MJE-20089","products/vs/MJETE-PUNE-VS/20089.jpg","true","false"
"Vegla Pune","Litare dhe Sajle","Litar (Kaish) Shtrengues 10M","Litar (Kaish) Shtrengues 10M. Produkt per Mjete Pune. Kodi i produktit: 20148.","6.53","","10","VS-MJE-20148","products/vs/MJETE-PUNE-VS/20148.jpg","true","false"
"Vegla Pune","Mbajtese","Mbajtes Dyerve me Kushineta L","Mbajtes Dyerve me Kushineta L. Produkt per Mjete Pune. Kodi i produktit: 20180.","3.19","","10","VS-MJE-20180","products/vs/MJETE-PUNE-VS/20180.jpg","true","false"
"Vegla Pune","Pistola","Pistolet Silikoni e Kalterb-9","Pistolet Silikoni e Kalterb-9. Produkt per Mjete Pune. Kodi i produktit: 20198.","1.16","","10","VS-MJE-20198","products/vs/MJETE-PUNE-VS/20198.jpg","true","false"
"Vegla Pune","Mjete Pune","Mjete Pune 20281","Produkt cilesor nga kategoria Mjete Pune. Pershkrimi final dhe specifikat duhet te plotesohen pas verifikimit te produktit.","2.90","","10","VS-MJE-20281","products/vs/MJETE-PUNE-VS/20281.jpg","true","false"
"Vegla Pune","Sharra","Sharr Dore per Dru 76Cm","Sharr Dore per Dru 76Cm. Produkt per Mjete Pune. Kodi i produktit: 20282.","2.90","","10","VS-MJE-20282","products/vs/MJETE-PUNE-VS/20282.jpg","true","false"
"Vegla Kopshti","Lopata","Sopat me Bisht Druri 500G","Sopat me Bisht Druri 500G. Produkt per Mjete Pune. Kodi i produktit: 20283.","5.08","","10","VS-MJE-20283","products/vs/MJETE-PUNE-VS/20283.jpg","true","false"
"Vegla Kopshti","Lopata","Sopat me Bisht Druri 600G","Sopat me Bisht Druri 600G. Produkt per Mjete Pune. Kodi i produktit: 20284.","5.80","","10","VS-MJE-20284","products/vs/MJETE-PUNE-VS/20284.jpg","true","false"
"Vegla Pune","Pajisje Saldimi","Mask Aparati Saldus me Rreze (Digjitale) 160","Mask Aparati Saldus me Rreze (Digjitale) 160. Produkt per Mjete Pune. Kodi i produktit: 20287.","14.50","","10","VS-MJE-20287","products/vs/MJETE-PUNE-VS/20287.jpg","true","false"
"Vegla Pune","Mjete Pune","Mjete Pune 20311","Produkt cilesor nga kategoria Mjete Pune. Pershkrimi final dhe specifikat duhet te plotesohen pas verifikimit te produktit.","1.16","","10","VS-MJE-20311","products/vs/MJETE-PUNE-VS/20311.jpg","true","false"
"Vegla Pune","Qekiq","Qekan per Tesar me Maje","Qekan per Tesar me Maje. Produkt per Mjete Pune. Kodi i produktit: 20314.","7.98","","10","VS-MJE-20314","products/vs/MJETE-PUNE-VS/20314.jpg","true","false"
"Vegla Pune","Skalpera","Skallper Pvc Thjesht 1888","Skallper Pvc Thjesht 1888. Produkt per Mjete Pune. Kodi i produktit: 20317.","0.73","","10","VS-MJE-20317","products/vs/MJETE-PUNE-VS/20317.jpg","true","false"
"Vegla Pune","Qelsa te ndryshem","Gidore G10017 Set 1/10","Gidore G10017 Set 1/10. Produkt per Mjete Pune. Kodi i produktit: 20322.","9.42","","10","VS-MJE-20322","products/vs/MJETE-PUNE-VS/20322.jpg","true","false"
"Vegla Pune","Imbus","Imbus Set 40/1","Imbus Set 40/1. Produkt per Mjete Pune. Kodi i produktit: 20323.","14.50","","10","VS-MJE-20323","products/vs/MJETE-PUNE-VS/20323.jpg","true","false"
"Vegla Kopshti","Draper","Vegel Dore-Prerese (Draper) 38Cm Fleksibil","Vegel Dore-Prerese (Draper) 38Cm Fleksibil. Produkt per Mjete Pune. Kodi i produktit: 20340.","1.74","","10","VS-MJE-20340","products/vs/MJETE-PUNE-VS/20340.jpg","true","false"
"Vegla Pune","Burgi","Burgi Keramike 1/4","Burgi Keramike 1/4. Produkt per Mjete Pune. Kodi i produktit: 20423.","10.59","","10","VS-MJE-20423","products/vs/MJETE-PUNE-VS/20423.jpg","true","false"
"Vegla Pune","Heftalica","Heftalic Dore","Heftalic Dore. Produkt per Mjete Pune. Kodi i produktit: 20424.","5.08","","10","VS-MJE-20424","products/vs/MJETE-PUNE-VS/20424.jpg","true","false"
"Vegla Pune","Mjete Pune","Mjete Pune 20425","Produkt cilesor nga kategoria Mjete Pune. Pershkrimi final dhe specifikat duhet te plotesohen pas verifikimit te produktit.","8.70","","10","VS-MJE-20425","products/vs/MJETE-PUNE-VS/20425.jpg","true","false"
"Vegla Kopshti","Pirunje","Terfurk 30*19 Zez","Terfurk 30*19 Zez. Produkt per Mjete Pune. Kodi i produktit: 20427.","3.63","","10","VS-MJE-20427","products/vs/MJETE-PUNE-VS/20427.jpg","true","false"
"Vegla Pune","Mbajtese","Mbajtes per Tv Ht-002 26-63","Mbajtes per Tv Ht-002 26-63. Produkt per Mjete Pune. Kodi i produktit: 20478.","5.80","","10","VS-MJE-20478","products/vs/MJETE-PUNE-VS/20478.jpg","true","false"
"Vegla Pune","Mbajtese","Mbajtes per Tv 117B-2 14-55","Mbajtes per Tv 117B-2 14-55. Produkt per Mjete Pune. Kodi i produktit: 20479.","11.60","","10","VS-MJE-20479","products/vs/MJETE-PUNE-VS/20479.jpg","true","false"
"Vegla Pune","Mjete Pune","Mjete Pune 20528","Produkt cilesor nga kategoria Mjete Pune. Pershkrimi final dhe specifikat duhet te plotesohen pas verifikimit te produktit.","0.73","","10","VS-MJE-20528","products/vs/MJETE-PUNE-VS/20528.jpg","true","false"
"Vegla Pune","Mjete Pune","Mjete Pune 20543","Produkt cilesor nga kategoria Mjete Pune. Pershkrimi final dhe specifikat duhet te plotesohen pas verifikimit te produktit.","2.90","","10","VS-MJE-20543","products/vs/MJETE-PUNE-VS/20543.jpg","true","false"
"Vegla Pune","Pistola","Pishtole Silikoni B23","Pishtole Silikoni B23. Produkt per Mjete Pune. Kodi i produktit: 20550.","2.90","","10","VS-MJE-20550","products/vs/MJETE-PUNE-VS/20550.jpg","true","false"
"Vegla Pune","Doreza Pune","Dorza Pune Zeze 10 Pu","Dorza Pune Zeze 10 Pu. Produkt per Mjete Pune. Kodi i produktit: 20551.","4.35","","10","VS-MJE-20551","products/vs/MJETE-PUNE-VS/20551.jpg","true","false"
"Vegla Pune","Mjete Pune","Mjete Pune 20552","Produkt cilesor nga kategoria Mjete Pune. Pershkrimi final dhe specifikat duhet te plotesohen pas verifikimit te produktit.","8.70","","10","VS-MJE-20552","products/vs/MJETE-PUNE-VS/20552.jpg","true","false"
"Vegla Pune","Mjete Pune","Mjete Pune 20554","Produkt cilesor nga kategoria Mjete Pune. Pershkrimi final dhe specifikat duhet te plotesohen pas verifikimit te produktit.","10.88","","10","VS-MJE-20554","products/vs/MJETE-PUNE-VS/20554.jpg","true","false"
"Vegla Pune","Mjete Pune","Mjete Pune 20564","Produkt cilesor nga kategoria Mjete Pune. Pershkrimi final dhe specifikat duhet te plotesohen pas verifikimit te produktit.","23.93","","10","VS-MJE-20564","products/vs/MJETE-PUNE-VS/20564.jpg","true","false"
"Vegla Pune","Litare dhe Sajle","Sajle Kanalizimi 10M Smm Bmx 2932","Sajle Kanalizimi 10M Smm Bmx 2932. Produkt per Mjete Pune. Kodi i produktit: 20565.","23.93","","10","VS-MJE-20565","products/vs/MJETE-PUNE-VS/20565.jpg","true","false"
"Vegla Pune","Mjete Pune","Mjete Pune 20573,-20577,-20576","Produkt cilesor nga kategoria Mjete Pune. Pershkrimi final dhe specifikat duhet te plotesohen pas verifikimit te produktit.","8.70","","10","VS-MJE-20573,-20577,-20576","products/vs/MJETE-PUNE-VS/20573,-20577,-20576.jpg","true","false"
"Vegla Pune","Skalpera","Skallper Bmx 674","Skallper Bmx 674. Produkt per Mjete Pune. Kodi i produktit: 20581.","1.42","","10","VS-MJE-20581","products/vs/MJETE-PUNE-VS/20581.jpg","true","false"
"Vegla Pune","Mjete Pune","Mjete Pune 20611,-20612,-20613","Produkt cilesor nga kategoria Mjete Pune. Pershkrimi final dhe specifikat duhet te plotesohen pas verifikimit te produktit.","3.70","","10","VS-MJE-20611,-20612,-20613","products/vs/MJETE-PUNE-VS/20611,-20612,-20613.jpg","true","false"
"Vegla Pune","Rrota","Rrot Levizese Portokallt me Frenim 2”","Rrot Levizese Portokallt me Frenim 2”. Produkt per Mjete Pune. Kodi i produktit: 20615.","1.23","","10","VS-MJE-20615","products/vs/MJETE-PUNE-VS/20615.jpg","true","false"
"Vegla Pune","Rrota","Rrot Levizese Portokallt me Frenim 3""","Rrot Levizese Portokallt me Frenim 3"". Produkt per Mjete Pune. Kodi i produktit: 20616.","2.68","","10","VS-MJE-20616","products/vs/MJETE-PUNE-VS/20616.jpg","true","false"
"Vegla Pune","Rrota","Rrot Levizese Portokallt me Frenim 4”","Rrot Levizese Portokallt me Frenim 4”. Produkt per Mjete Pune. Kodi i produktit: 20617.","3.33","","10","VS-MJE-20617","products/vs/MJETE-PUNE-VS/20617.jpg","true","false"
"Vegla Pune","Rrota","Rrot Levizese Portokallt me Frenim 5”","Rrot Levizese Portokallt me Frenim 5”. Produkt per Mjete Pune. Kodi i produktit: 20618.","3.70","","10","VS-MJE-20618","products/vs/MJETE-PUNE-VS/20618.jpg","true","false"
"Vegla Pune","Rrota","Rrot Statike Portokallt 2""","Rrot Statike Portokallt 2"". Produkt per Mjete Pune. Kodi i produktit: 20620.","1.01","","10","VS-MJE-20620","products/vs/MJETE-PUNE-VS/20620.jpg","true","false"
"Vegla Pune","Rrota","Rrot Statike Portokallt 3”","Rrot Statike Portokallt 3”. Produkt per Mjete Pune. Kodi i produktit: 20621.","2.25","","10","VS-MJE-20621","products/vs/MJETE-PUNE-VS/20621.jpg","true","false"
"Vegla Pune","Rrota","Rrot Statike Portokallt 4""","Rrot Statike Portokallt 4"". Produkt per Mjete Pune. Kodi i produktit: 20622.","2.47","","10","VS-MJE-20622","products/vs/MJETE-PUNE-VS/20622.jpg","true","false"
"Vegla Pune","Rrota","Rrot Statike Portokallt 5”","Rrot Statike Portokallt 5”. Produkt per Mjete Pune. Kodi i produktit: 20623.","3.26","","10","VS-MJE-20623","products/vs/MJETE-PUNE-VS/20623.jpg","true","false"
"Vegla Pune","Rrota","Rrot Ekuqe 1.5"" 1/4 Set","Rrot Ekuqe 1.5"" 1/4 Set. Produkt per Mjete Pune. Kodi i produktit: 20624.","2.17","","10","VS-MJE-20624","products/vs/MJETE-PUNE-VS/20624.jpg","true","false"
"Vegla Pune","Mjete Pune","Mjete Pune 20625","Produkt cilesor nga kategoria Mjete Pune. Pershkrimi final dhe specifikat duhet te plotesohen pas verifikimit te produktit.","8.70","","10","VS-MJE-20625","products/vs/MJETE-PUNE-VS/20625.jpg","true","false"
"Vegla Pune","Mjete Pune","Mjete Pune 20634","Produkt cilesor nga kategoria Mjete Pune. Pershkrimi final dhe specifikat duhet te plotesohen pas verifikimit te produktit.","2.17","","10","VS-MJE-20634","products/vs/MJETE-PUNE-VS/20634.jpg","true","false"
"Vegla Pune","Doreza Pune","Dorza Pune Kuq+Z110” 35G","Dorza Pune Kuq+Z110” 35G. Produkt per Mjete Pune. Kodi i produktit: 20635.","4.64","","10","VS-MJE-20635","products/vs/MJETE-PUNE-VS/20635.jpg","true","false"
"Vegla Pune","Doreza Pune","Dorza Pune Bardha 10” Pu","Dorza Pune Bardha 10” Pu. Produkt per Mjete Pune. Kodi i produktit: 20636.","6.53","","10","VS-MJE-20636","products/vs/MJETE-PUNE-VS/20636.jpg","true","false"
"Vegla Pune","Qekiq","Qekan Tesarve me nje Dhemb","Qekan Tesarve me nje Dhemb. Produkt per Mjete Pune. Kodi i produktit: 20642.","8.41","","10","VS-MJE-20642","products/vs/MJETE-PUNE-VS/20642.jpg","true","false"
"Vegla Pune","Pajisje Mbrojtese","Mantel Shiu Hiri 2Xl","Mantel Shiu Hiri 2Xl. Produkt per Mjete Pune. Kodi i produktit: 20644.","5.37","","10","VS-MJE-20644","products/vs/MJETE-PUNE-VS/20644.jpg","true","false"
"Vegla Pune","Gershana","Gershan Pemve 8” Portokall Kw","Gershan Pemve 8” Portokall Kw. Produkt per Mjete Pune. Kodi i produktit: 20656.","7.98","","10","VS-MJE-20656","products/vs/MJETE-PUNE-VS/20656.jpg","true","false"
"Vegla Pune","Gershana","Gershan Pemve 10” Zez","Gershan Pemve 10” Zez. Produkt per Mjete Pune. Kodi i produktit: 20657.","2.17","","10","VS-MJE-20657","products/vs/MJETE-PUNE-VS/20657.jpg","true","false"
"Vegla Pune","Mjete Pune","Mjete Pune 20661","Produkt cilesor nga kategoria Mjete Pune. Pershkrimi final dhe specifikat duhet te plotesohen pas verifikimit te produktit.","4.35","","10","VS-MJE-20661","products/vs/MJETE-PUNE-VS/20661.jpg","true","false"
"Vegla Kopshti","Lopata","Sopat Metali 1.8Kg pa Bisht","Sopat Metali 1.8Kg pa Bisht. Produkt per Mjete Pune. Kodi i produktit: 20662.","17.40","","10","VS-MJE-20662","products/vs/MJETE-PUNE-VS/20662.jpg","true","false"
"Vegla Kopshti","Lopata","Teshlica Pune me Bisht","Teshlica Pune me Bisht. Produkt per Mjete Pune. Kodi i produktit: 20663.","4.35","","10","VS-MJE-20663","products/vs/MJETE-PUNE-VS/20663.jpg","true","false"
"Vegla Pune","Bulona","Bulon (Shtraf) Set 5/1 per Bateri C","Bulon (Shtraf) Set 5/1 per Bateri C. Produkt per Mjete Pune. Kodi i produktit: 20687.","1.16","","10","VS-MJE-20687","products/vs/MJETE-PUNE-VS/20687.jpg","true","false"
"Vegla Kopshti","Grebuja","Mbledhes Dushku Pvc 24Dhom Bmx-4075","Mbledhes Dushku Pvc 24Dhom Bmx-4075. Produkt per Mjete Pune. Kodi i produktit: 20742.","1.89","","10","VS-MJE-20742","products/vs/MJETE-PUNE-VS/20742.jpg","true","false"
"Vegla Pune","Qelsa te ndryshem","Dorez Gidores 1/2","Dorez Gidores 1/2. Produkt per Mjete Pune. Kodi i produktit: 20771.","4.35","","10","VS-MJE-20771","products/vs/MJETE-PUNE-VS/20771.jpg","true","false"
"Vegla Pune","Diska","DISK per leter grryse bmx-318-115mm","DISK per leter grryse bmx-318-115mm. Produkt per Mjete Pune. Kodi i produktit: 20857.","1.45","","10","VS-MJE-20857","products/vs/MJETE-PUNE-VS/20857.jpg","true","false"
"Vegla Pune","Mjete Pune","Mjete Pune 20895","Produkt cilesor nga kategoria Mjete Pune. Pershkrimi final dhe specifikat duhet te plotesohen pas verifikimit te produktit.","14.50","","10","VS-MJE-20895","products/vs/MJETE-PUNE-VS/20895.jpg","true","false"
"Vegla Pune","Mjete Pune","Mjete Pune 20896","Produkt cilesor nga kategoria Mjete Pune. Pershkrimi final dhe specifikat duhet te plotesohen pas verifikimit te produktit.","14.50","","10","VS-MJE-20896","products/vs/MJETE-PUNE-VS/20896.jpg","true","false"
"Vegla Pune","Shajme","Leck per Tharje nje Perdorim Elefan","Leck per Tharje nje Perdorim Elefan. Produkt per Mjete Pune. Kodi i produktit: 20904.","2.17","","10","VS-MJE-20904","products/vs/MJETE-PUNE-VS/20904.jpg","true","false"
"Vegla Pune","Qekiq","Qekan Tesarve me Maje 600G","Qekan Tesarve me Maje 600G. Produkt per Mjete Pune. Kodi i produktit: 20968.","5.80","","10","VS-MJE-20968","products/vs/MJETE-PUNE-VS/20968.jpg","true","false"
"Vegla Pune","Qelsa te ndryshem","Gidore Set 1/12 Kuti Kuqe","Gidore Set 1/12 Kuti Kuqe. Produkt per Mjete Pune. Kodi i produktit: 21053.","11.60","","10","VS-MJE-21053","products/vs/MJETE-PUNE-VS/21053.jpg","true","false"
"Vegla Pune","Mjete Pune","Mjete Pune 21078","Produkt cilesor nga kategoria Mjete Pune. Pershkrimi final dhe specifikat duhet te plotesohen pas verifikimit te produktit.","2.90","","10","VS-MJE-21078","products/vs/MJETE-PUNE-VS/21078.jpg","true","false"
"Vegla Pune","Mjete Pune","Mjete Pune 21079","Produkt cilesor nga kategoria Mjete Pune. Pershkrimi final dhe specifikat duhet te plotesohen pas verifikimit te produktit.","2.90","","10","VS-MJE-21079","products/vs/MJETE-PUNE-VS/21079.jpg","true","false"
"Vegla Pune","Mjete Pune","Mjete Pune 21127","Produkt cilesor nga kategoria Mjete Pune. Pershkrimi final dhe specifikat duhet te plotesohen pas verifikimit te produktit.","17.40","","10","VS-MJE-21127","products/vs/MJETE-PUNE-VS/21127.jpg","true","false"
"Vegla Pune","Mjete Pune","Mjete Pune 21150","Produkt cilesor nga kategoria Mjete Pune. Pershkrimi final dhe specifikat duhet te plotesohen pas verifikimit te produktit.","0.44","","10","VS-MJE-21150","products/vs/MJETE-PUNE-VS/21150.jpg","true","false"
"Vegla Kopshti","Karroca","Gom per Karroc Dore me Bandash 400-8","Gom per Karroc Dore me Bandash 400-8. Produkt per Mjete Pune. Kodi i produktit: 21155.","7.98","","10","VS-MJE-21155","products/vs/MJETE-PUNE-VS/21155.jpg","true","false"
"Vegla Kopshti","Karroca","Gom per Karroc Dore pa Bandash 400-8","Gom per Karroc Dore pa Bandash 400-8. Produkt per Mjete Pune. Kodi i produktit: 21156.","5.08","","10","VS-MJE-21156","products/vs/MJETE-PUNE-VS/21156.jpg","true","false"
"Vegla Kopshti","Karroca","Gom per Karroc Dore me Bandash 350-","Gom per Karroc Dore me Bandash 350-. Produkt per Mjete Pune. Kodi i produktit: 21157.","10.15","","10","VS-MJE-21157","products/vs/MJETE-PUNE-VS/21157.jpg","true","false"
"Vegla Kopshti","Karroca","Gom per Karroc Dore Brendshme 400-8","Gom per Karroc Dore Brendshme 400-8. Produkt per Mjete Pune. Kodi i produktit: 21158.","1.74","","10","VS-MJE-21158","products/vs/MJETE-PUNE-VS/21158.jpg","true","false"
"Vegla Pune","Litare dhe Sajle","Pej Muratorve 100G Bardh 1/5","Pej Muratorve 100G Bardh 1/5. Produkt per Mjete Pune. Kodi i produktit: 21159.","0.73","","10","VS-MJE-21159","products/vs/MJETE-PUNE-VS/21159.jpg","true","false"
"Vegla Pune","Brava","Cilinder Brave 3M 60Cm","Cilinder Brave 3M 60Cm. Produkt per Mjete Pune. Kodi i produktit: 21163.","1.31","","10","VS-MJE-21163","products/vs/MJETE-PUNE-VS/21163.jpg","true","false"
"Vegla Pune","Brava","Brav Fjok Ormani 25Cm","Brav Fjok Ormani 25Cm. Produkt per Mjete Pune. Kodi i produktit: 21164.","0.73","","10","VS-MJE-21164","products/vs/MJETE-PUNE-VS/21164.jpg","true","false"
"Vegla Pune","Mjete Pune","Mjete Pune 21172","Produkt cilesor nga kategoria Mjete Pune. Pershkrimi final dhe specifikat duhet te plotesohen pas verifikimit te produktit.","2.17","","10","VS-MJE-21172","products/vs/MJETE-PUNE-VS/21172.jpg","true","false"
"Vegla Pune","Mjete Pune","Mjete Pune 21195 . 21196 21197","Produkt cilesor nga kategoria Mjete Pune. Pershkrimi final dhe specifikat duhet te plotesohen pas verifikimit te produktit.","4.35","","10","VS-MJE-21195 . 21196 21197","products/vs/MJETE-PUNE-VS/21195 . 21196 21197.jpg","true","false"
"Vegla Pune","Pistola","Flak Hedhes Jh-3/Sc-003","Flak Hedhes Jh-3/Sc-003. Produkt per Mjete Pune. Kodi i produktit: 21214.","19.58","","10","VS-MJE-21214","products/vs/MJETE-PUNE-VS/21214.jpg","true","false"
"Vegla Pune","Mjete Pune","Mjete Pune 21216","Produkt cilesor nga kategoria Mjete Pune. Pershkrimi final dhe specifikat duhet te plotesohen pas verifikimit te produktit.","17.40","","10","VS-MJE-21216","products/vs/MJETE-PUNE-VS/21216.jpg","true","false"
"Vegla Pune","Burgi","Burgi Metali Konus 1/7","Burgi Metali Konus 1/7. Produkt per Mjete Pune. Kodi i produktit: 21221.","11.60","","10","VS-MJE-21221","products/vs/MJETE-PUNE-VS/21221.jpg","true","false"
"Vegla Pune","Burgi","Burgi Metali Konus 1/6","Burgi Metali Konus 1/6. Produkt per Mjete Pune. Kodi i produktit: 21222.","10.15","","10","VS-MJE-21222","products/vs/MJETE-PUNE-VS/21222.jpg","true","false"
"Vegla Pune","Mjete Pune","Mjete Pune 21223","Produkt cilesor nga kategoria Mjete Pune. Pershkrimi final dhe specifikat duhet te plotesohen pas verifikimit te produktit.","7.98","","10","VS-MJE-21223","products/vs/MJETE-PUNE-VS/21223.jpg","true","false"
"Vegla Pune","Burgi","Burgia Kanufi 1/16","Burgia Kanufi 1/16. Produkt per Mjete Pune. Kodi i produktit: 21229.","5.08","","10","VS-MJE-21229","products/vs/MJETE-PUNE-VS/21229.jpg","true","false"
"Vegla Pune","Burgi","Burgia Kanufi 1/11","Burgia Kanufi 1/11. Produkt per Mjete Pune. Kodi i produktit: 21230.","2.90","","10","VS-MJE-21230","products/vs/MJETE-PUNE-VS/21230.jpg","true","false"
"Vegla Pune","Burgi","Mbrehtese Burgie","Mbrehtese Burgie. Produkt per Mjete Pune. Kodi i produktit: 21233.","1.45","","10","VS-MJE-21233","products/vs/MJETE-PUNE-VS/21233.jpg","true","false"
"Vegla Pune","Mjete Pune","Mjete Pune 21234","Produkt cilesor nga kategoria Mjete Pune. Pershkrimi final dhe specifikat duhet te plotesohen pas verifikimit te produktit.","3.63","","10","VS-MJE-21234","products/vs/MJETE-PUNE-VS/21234.jpg","true","false"
"Vegla Pune","Mjete Pune","Mjete Pune 21252,21253","Produkt cilesor nga kategoria Mjete Pune. Pershkrimi final dhe specifikat duhet te plotesohen pas verifikimit te produktit.","5.80","","10","VS-MJE-21252,21253","products/vs/MJETE-PUNE-VS/21252,21253.jpg","true","false"
"Vegla Pune","Pistola","Pishtole Shkume","Pishtole Shkume. Produkt per Mjete Pune. Kodi i produktit: 21260.","5.08","","10","VS-MJE-21260","products/vs/MJETE-PUNE-VS/21260.jpg","true","false"
"Vegla Pune","Mjete Pune","Mjete Pune 21265","Produkt cilesor nga kategoria Mjete Pune. Pershkrimi final dhe specifikat duhet te plotesohen pas verifikimit te produktit.","3.63","","10","VS-MJE-21265","products/vs/MJETE-PUNE-VS/21265.jpg","true","false"
"Vegla Pune","Mjete Pune","Mjete Pune 21266","Produkt cilesor nga kategoria Mjete Pune. Pershkrimi final dhe specifikat duhet te plotesohen pas verifikimit te produktit.","5.80","","10","VS-MJE-21266","products/vs/MJETE-PUNE-VS/21266.jpg","true","false"
"Vegla Pune","Mjete Pune","Mjete Pune 21267","Produkt cilesor nga kategoria Mjete Pune. Pershkrimi final dhe specifikat duhet te plotesohen pas verifikimit te produktit.","7.25","","10","VS-MJE-21267","products/vs/MJETE-PUNE-VS/21267.jpg","true","false"
"Vegla Pune","Mjete Pune","Mjete Pune 21269","Produkt cilesor nga kategoria Mjete Pune. Pershkrimi final dhe specifikat duhet te plotesohen pas verifikimit te produktit.","6.53","","10","VS-MJE-21269","products/vs/MJETE-PUNE-VS/21269.jpg","true","false"
"Vegla Pune","Mjete Pune","Mjete Pune 21270","Produkt cilesor nga kategoria Mjete Pune. Pershkrimi final dhe specifikat duhet te plotesohen pas verifikimit te produktit.","7.25","","10","VS-MJE-21270","products/vs/MJETE-PUNE-VS/21270.jpg","true","false"
"Vegla Pune","Mjete Pune","Mjete Pune 21271","Produkt cilesor nga kategoria Mjete Pune. Pershkrimi final dhe specifikat duhet te plotesohen pas verifikimit te produktit.","5.80","","10","VS-MJE-21271","products/vs/MJETE-PUNE-VS/21271.jpg","true","false"
"Vegla Pune","Mjete Pune","Mjete Pune 21273","Produkt cilesor nga kategoria Mjete Pune. Pershkrimi final dhe specifikat duhet te plotesohen pas verifikimit te produktit.","8.70","","10","VS-MJE-21273","products/vs/MJETE-PUNE-VS/21273.jpg","true","false"
"Vegla Pune","Mjete Pune","Mjete Pune 21274","Produkt cilesor nga kategoria Mjete Pune. Pershkrimi final dhe specifikat duhet te plotesohen pas verifikimit te produktit.","9.42","","10","VS-MJE-21274","products/vs/MJETE-PUNE-VS/21274.jpg","true","false"
"Vegla Pune","Mjete Pune","Mjete Pune 21283","Produkt cilesor nga kategoria Mjete Pune. Pershkrimi final dhe specifikat duhet te plotesohen pas verifikimit te produktit.","1.45","","10","VS-MJE-21283","products/vs/MJETE-PUNE-VS/21283.jpg","true","false"
"Vegla Pune","Mjete Pune","Mjete Pune 21284","Produkt cilesor nga kategoria Mjete Pune. Pershkrimi final dhe specifikat duhet te plotesohen pas verifikimit te produktit.","1.45","","10","VS-MJE-21284","products/vs/MJETE-PUNE-VS/21284.jpg","true","false"
"Vegla Pune","Mjete Pune","Mjete Pune 21285","Produkt cilesor nga kategoria Mjete Pune. Pershkrimi final dhe specifikat duhet te plotesohen pas verifikimit te produktit.","1.45","","10","VS-MJE-21285","products/vs/MJETE-PUNE-VS/21285.jpg","true","false"
"Vegla Pune","Shirita","Shirit Izolues (Trak) Prej Letre 1.9*20M","Shirit Izolues (Trak) Prej Letre 1.9*20M. Produkt per Mjete Pune. Kodi i produktit: 21327.","0.29","","10","VS-MJE-21327","products/vs/MJETE-PUNE-VS/21327.jpg","true","false"
"Vegla Pune","Shirita","Trak Sinjalizuese Stop 200M*5Cm","Trak Sinjalizuese Stop 200M*5Cm. Produkt per Mjete Pune. Kodi i produktit: 21328.","2.17","","10","VS-MJE-21328","products/vs/MJETE-PUNE-VS/21328.jpg","true","false"
"Vegla Pune","Mjete Pune","Mjete Pune 21329","Produkt cilesor nga kategoria Mjete Pune. Pershkrimi final dhe specifikat duhet te plotesohen pas verifikimit te produktit.","1.16","","10","VS-MJE-21329","products/vs/MJETE-PUNE-VS/21329.jpg","true","false"
"Vegla Pune","Mjete Pune","Mjete Pune 21330","Produkt cilesor nga kategoria Mjete Pune. Pershkrimi final dhe specifikat duhet te plotesohen pas verifikimit te produktit.","0.73","","10","VS-MJE-21330","products/vs/MJETE-PUNE-VS/21330.jpg","true","false"
"Vegla Pune","Mjete Pune","Mjete Pune 21359","Produkt cilesor nga kategoria Mjete Pune. Pershkrimi final dhe specifikat duhet te plotesohen pas verifikimit te produktit.","14.50","","10","VS-MJE-21359","products/vs/MJETE-PUNE-VS/21359.jpg","true","false"
"Vegla Pune","Mjete Pune","Mjete Pune 21389","Produkt cilesor nga kategoria Mjete Pune. Pershkrimi final dhe specifikat duhet te plotesohen pas verifikimit te produktit.","3.63","","10","VS-MJE-21389","products/vs/MJETE-PUNE-VS/21389.jpg","true","false"
"Vegla Pune","Mjete Pune","Mjete Pune 21433","Produkt cilesor nga kategoria Mjete Pune. Pershkrimi final dhe specifikat duhet te plotesohen pas verifikimit te produktit.","5.80","","10","VS-MJE-21433","products/vs/MJETE-PUNE-VS/21433.jpg","true","false"
"Vegla Pune","Qekiq","Qekan Gome 35Cm","Qekan Gome 35Cm. Produkt per Mjete Pune. Kodi i produktit: 21438.","2.17","","10","VS-MJE-21438","products/vs/MJETE-PUNE-VS/21438.jpg","true","false"
"Vegla Pune","Qekiq","Qekan Gome 40Cm","Qekan Gome 40Cm. Produkt per Mjete Pune. Kodi i produktit: 21439.","2.90","","10","VS-MJE-21439","products/vs/MJETE-PUNE-VS/21439.jpg","true","false"
"Vegla Pune","Litare dhe Sajle","Sajle Terheqese Veturav 12Mm-4M","Sajle Terheqese Veturav 12Mm-4M. Produkt per Mjete Pune. Kodi i produktit: 21440.","7.25","","10","VS-MJE-21440","products/vs/MJETE-PUNE-VS/21440.jpg","true","false"
"Vegla Pune","Mjete Pune","Mjete Pune 21444","Produkt cilesor nga kategoria Mjete Pune. Pershkrimi final dhe specifikat duhet te plotesohen pas verifikimit te produktit.","2.17","","10","VS-MJE-21444","products/vs/MJETE-PUNE-VS/21444.jpg","true","false"
"Vegla Pune","Matese","Vinkell 30Cm","Vinkell 30Cm. Produkt per Mjete Pune. Kodi i produktit: 21450.","0.94","","10","VS-MJE-21450","products/vs/MJETE-PUNE-VS/21450.jpg","true","false"
"Vegla Pune","Matese","Vinkell 40Cm","Vinkell 40Cm. Produkt per Mjete Pune. Kodi i produktit: 21451.","1.09","","10","VS-MJE-21451","products/vs/MJETE-PUNE-VS/21451.jpg","true","false"
"Vegla Pune","Matese","Vinkell 50 Cm","Vinkell 50 Cm. Produkt per Mjete Pune. Kodi i produktit: 21452.","1.31","","10","VS-MJE-21452","products/vs/MJETE-PUNE-VS/21452.jpg","true","false"
"Vegla Pune","Imbus","Imbus L Shkurt","Imbus L Shkurt. Produkt per Mjete Pune. Kodi i produktit: 21454.","1.16","","10","VS-MJE-21454","products/vs/MJETE-PUNE-VS/21454.jpg","true","false"
"Vegla Pune","Imbus","Imbus Li Gjat","Imbus Li Gjat. Produkt per Mjete Pune. Kodi i produktit: 21455.","1.16","","10","VS-MJE-21455","products/vs/MJETE-PUNE-VS/21455.jpg","true","false"
"Elektronike","Llampa","Drit me Kabell 10M","Drit me Kabell 10M. Produkt per Mjete Pune. Kodi i produktit: 21457.","3.63","","10","VS-MJE-21457","products/vs/MJETE-PUNE-VS/21457.jpg","true","false"
"Vegla Pune","Mjete Pune","Mjete Pune 21458","Produkt cilesor nga kategoria Mjete Pune. Pershkrimi final dhe specifikat duhet te plotesohen pas verifikimit te produktit.","4.64","","10","VS-MJE-21458","products/vs/MJETE-PUNE-VS/21458.jpg","true","false"
"Vegla Pune","Mjete Pune","Mjete Pune 21459","Produkt cilesor nga kategoria Mjete Pune. Pershkrimi final dhe specifikat duhet te plotesohen pas verifikimit te produktit.","9.57","","10","VS-MJE-21459","products/vs/MJETE-PUNE-VS/21459.jpg","true","false"
"Vegla Pune","Mjete Pune","Mjete Pune 21460","Produkt cilesor nga kategoria Mjete Pune. Pershkrimi final dhe specifikat duhet te plotesohen pas verifikimit te produktit.","6.53","","10","VS-MJE-21460","products/vs/MJETE-PUNE-VS/21460.jpg","true","false"
"Vegla Pune","Mjete Pune","Mjete Pune 21461","Produkt cilesor nga kategoria Mjete Pune. Pershkrimi final dhe specifikat duhet te plotesohen pas verifikimit te produktit.","13.34","","10","VS-MJE-21461","products/vs/MJETE-PUNE-VS/21461.jpg","true","false"
"Elektronike","Pompa","Pomp per Goma 38B","Pomp per Goma 38B. Produkt per Mjete Pune. Kodi i produktit: 21464.","5.80","","10","VS-MJE-21464","products/vs/MJETE-PUNE-VS/21464.jpg","true","false"
"Elektronike","Pompa","Pomp per Goma 5538","Pomp per Goma 5538. Produkt per Mjete Pune. Kodi i produktit: 21465.","4.35","","10","VS-MJE-21465","products/vs/MJETE-PUNE-VS/21465.jpg","true","false"
"Elektronike","Pompa","Pomp per Goma 6045","Pomp per Goma 6045. Produkt per Mjete Pune. Kodi i produktit: 21466.","6.53","","10","VS-MJE-21466","products/vs/MJETE-PUNE-VS/21466.jpg","true","false"
"Elektronike","Pompa","Pomp per Goma 6035B","Pomp per Goma 6035B. Produkt per Mjete Pune. Kodi i produktit: 21467.","10.88","","10","VS-MJE-21467","products/vs/MJETE-PUNE-VS/21467.jpg","true","false"
"Vegla Pune","Matese","Mates per Ajer te Gomave Dx60-Y Kw","Mates per Ajer te Gomave Dx60-Y Kw. Produkt per Mjete Pune. Kodi i produktit: 21468.","9.42","","10","VS-MJE-21468","products/vs/MJETE-PUNE-VS/21468.jpg","true","false"
"Vegla Pune","Matese","Mates per Ajer te Gomave Dx60-L","Mates per Ajer te Gomave Dx60-L. Produkt per Mjete Pune. Kodi i produktit: 21469.","5.80","","10","VS-MJE-21469","products/vs/MJETE-PUNE-VS/21469.jpg","true","false"
"Vegla Pune","Mjete Pune","Mjete Pune 21470","Produkt cilesor nga kategoria Mjete Pune. Pershkrimi final dhe specifikat duhet te plotesohen pas verifikimit te produktit.","5.80","","10","VS-MJE-21470","products/vs/MJETE-PUNE-VS/21470.jpg","true","false"
"Elektronike","Brusalica","Brusalic Hn2003 115Mm 700W","Brusalic Hn2003 115Mm 700W. Produkt per Mjete Pune. Kodi i produktit: 21497.","26.10","","10","VS-MJE-21497","products/vs/MJETE-PUNE-VS/21497.jpg","true","false"
"Elektronike","Brusalica","Brusalic Hn2011 125Mm 800W","Brusalic Hn2011 125Mm 800W. Produkt per Mjete Pune. Kodi i produktit: 21498.","26.10","","10","VS-MJE-21498","products/vs/MJETE-PUNE-VS/21498.jpg","true","false"
"Elektronike","Brusalica","Brusalic Politurk Hn2031180Mm 1200W","Brusalic Politurk Hn2031180Mm 1200W. Produkt per Mjete Pune. Kodi i produktit: 21500.","50.75","","10","VS-MJE-21500","products/vs/MJETE-PUNE-VS/21500.jpg","true","false"
"Vegla Pune","Kaqavida","Kaqavid Set No3016 8","Kaqavid Set No3016 8. Produkt per Mjete Pune. Kodi i produktit: 21508.","10.15","","10","VS-MJE-21508","products/vs/MJETE-PUNE-VS/21508.jpg","true","false"
"Vegla Pune","Mjete Pune","Mjete Pune 21509","Produkt cilesor nga kategoria Mjete Pune. Pershkrimi final dhe specifikat duhet te plotesohen pas verifikimit te produktit.","8.70","","10","VS-MJE-21509","products/vs/MJETE-PUNE-VS/21509.jpg","true","false"
"Vegla Pune","Mjete Pune","Mjete Pune 21512","Produkt cilesor nga kategoria Mjete Pune. Pershkrimi final dhe specifikat duhet te plotesohen pas verifikimit te produktit.","2.54","","10","VS-MJE-21512","products/vs/MJETE-PUNE-VS/21512.jpg","true","false"
"Vegla Pune","Gershana","Gershan Pemve Dores L","Gershan Pemve Dores L. Produkt per Mjete Pune. Kodi i produktit: 21519.","3.63","","10","VS-MJE-21519","products/vs/MJETE-PUNE-VS/21519.jpg","true","false"
"Ujësjellës","Teflona","Tefllon per Gypa Pej 100","Tefllon per Gypa Pej 100. Produkt per Mjete Pune. Kodi i produktit: 21553.","5.65","","10","VS-MJE-21553","products/vs/MJETE-PUNE-VS/21553.jpg","true","false"
"Vegla Pune","Vajore","Kant per Vaj 300Cc","Kant per Vaj 300Cc. Produkt per Mjete Pune. Kodi i produktit: 21590.","2.17","","10","VS-MJE-21590","products/vs/MJETE-PUNE-VS/21590.jpg","true","false"
"Vegla Pune","Brusha","Brush Qeliku Dores Druri","Brush Qeliku Dores Druri. Produkt per Mjete Pune. Kodi i produktit: 21591.","0.94","","10","VS-MJE-21591","products/vs/MJETE-PUNE-VS/21591.jpg","true","false"
"Vegla Pune","Qekiq","Qekan me Bisht Pvc 1Kg V","Qekan me Bisht Pvc 1Kg V. Produkt per Mjete Pune. Kodi i produktit: 21663.","4.35","","10","VS-MJE-21663","products/vs/MJETE-PUNE-VS/21663.jpg","true","false"
"Vegla Pune","Mjete Pune","Mjete Pune 21664","Produkt cilesor nga kategoria Mjete Pune. Pershkrimi final dhe specifikat duhet te plotesohen pas verifikimit te produktit.","5.80","","10","VS-MJE-21664","products/vs/MJETE-PUNE-VS/21664.jpg","true","false"
"Vegla Pune","Mjete Pune","Mjete Pune 21665","Produkt cilesor nga kategoria Mjete Pune. Pershkrimi final dhe specifikat duhet te plotesohen pas verifikimit te produktit.","7.25","","10","VS-MJE-21665","products/vs/MJETE-PUNE-VS/21665.jpg","true","false"
"Vegla Pune","Mjete Pune","Mjete Pune 21666","Produkt cilesor nga kategoria Mjete Pune. Pershkrimi final dhe specifikat duhet te plotesohen pas verifikimit te produktit.","7.25","","10","VS-MJE-21666","products/vs/MJETE-PUNE-VS/21666.jpg","true","false"
"Vegla Pune","Mjete Pune","Mjete Pune 21682","Produkt cilesor nga kategoria Mjete Pune. Pershkrimi final dhe specifikat duhet te plotesohen pas verifikimit te produktit.","4.35","","10","VS-MJE-21682","products/vs/MJETE-PUNE-VS/21682.jpg","true","false"
"Vegla Pune","Mjete Pune","Mjete Pune 21766","Produkt cilesor nga kategoria Mjete Pune. Pershkrimi final dhe specifikat duhet te plotesohen pas verifikimit te produktit.","0.44","","10","VS-MJE-21766","products/vs/MJETE-PUNE-VS/21766.jpg","true","false"
"Vegla Pune","Mjete Pune","Mjete Pune 21789","Produkt cilesor nga kategoria Mjete Pune. Pershkrimi final dhe specifikat duhet te plotesohen pas verifikimit te produktit.","7.25","","10","VS-MJE-21789","products/vs/MJETE-PUNE-VS/21789.jpg","true","false"
"Vegla Pune","Mjete Pune","Mjete Pune 21829","Produkt cilesor nga kategoria Mjete Pune. Pershkrimi final dhe specifikat duhet te plotesohen pas verifikimit te produktit.","3.63","","10","VS-MJE-21829","products/vs/MJETE-PUNE-VS/21829.jpg","true","false"
"Vegla Pune","Qelsa te ndryshem","Gidore G-100521/12","Gidore G-100521/12. Produkt per Mjete Pune. Kodi i produktit: 21830.","10.88","","10","VS-MJE-21830","products/vs/MJETE-PUNE-VS/21830.jpg","true","false"
"Vegla Pune","Gershana","Gershan Pleku 8""","Gershan Pleku 8"". Produkt per Mjete Pune. Kodi i produktit: 21831.","3.19","","10","VS-MJE-21831","products/vs/MJETE-PUNE-VS/21831.jpg","true","false"
"Vegla Pune","Gershana","Gershan Pleku 10”","Gershan Pleku 10”. Produkt per Mjete Pune. Kodi i produktit: 21832.","4.06","","10","VS-MJE-21832","products/vs/MJETE-PUNE-VS/21832.jpg","true","false"
"Vegla Pune","Gershana","Gershan Pleku 12”","Gershan Pleku 12”. Produkt per Mjete Pune. Kodi i produktit: 21833.","4.64","","10","VS-MJE-21833","products/vs/MJETE-PUNE-VS/21833.jpg","true","false"
"Vegla Pune","Gershana","Gershan Pleku O 8”","Gershan Pleku O 8”. Produkt per Mjete Pune. Kodi i produktit: 21834.","3.48","","10","VS-MJE-21834","products/vs/MJETE-PUNE-VS/21834.jpg","true","false"
"Vegla Pune","Mjete Pune","Mjete Pune 21835","Produkt cilesor nga kategoria Mjete Pune. Pershkrimi final dhe specifikat duhet te plotesohen pas verifikimit te produktit.","2.90","","10","VS-MJE-21835","products/vs/MJETE-PUNE-VS/21835.jpg","true","false"
"Vegla Pune","Gershana","Gershan Pleku O 12”","Gershan Pleku O 12”. Produkt per Mjete Pune. Kodi i produktit: 21836.","4.78","","10","VS-MJE-21836","products/vs/MJETE-PUNE-VS/21836.jpg","true","false"
"Vegla Pune","Mjete Pune","Mjete Pune 21844","Produkt cilesor nga kategoria Mjete Pune. Pershkrimi final dhe specifikat duhet te plotesohen pas verifikimit te produktit.","2.17","","10","VS-MJE-21844","products/vs/MJETE-PUNE-VS/21844.jpg","true","false"
"Vegla Pune","Mjete Pune","Mjete Pune 21845","Produkt cilesor nga kategoria Mjete Pune. Pershkrimi final dhe specifikat duhet te plotesohen pas verifikimit te produktit.","2.90","","10","VS-MJE-21845","products/vs/MJETE-PUNE-VS/21845.jpg","true","false"
"Vegla Pune","Mjete Pune","Mjete Pune 21846","Produkt cilesor nga kategoria Mjete Pune. Pershkrimi final dhe specifikat duhet te plotesohen pas verifikimit te produktit.","3.63","","10","VS-MJE-21846","products/vs/MJETE-PUNE-VS/21846.jpg","true","false"
"Elektronike","Pompa","Pomp Ajri me Rrym 102-1","Pomp Ajri me Rrym 102-1. Produkt per Mjete Pune. Kodi i produktit: 21853.","18.13","","10","VS-MJE-21853","products/vs/MJETE-PUNE-VS/21853.jpg","true","false"
"Vegla Pune","Pajisje Saldimi","Tel per Co2 0.8Mm 5Kg","Tel per Co2 0.8Mm 5Kg. Produkt per Mjete Pune. Kodi i produktit: 21858.","13.78","","10","VS-MJE-21858","products/vs/MJETE-PUNE-VS/21858.jpg","true","false"
"Vegla Pune","Mjete Pune","Mjete Pune 21919","Produkt cilesor nga kategoria Mjete Pune. Pershkrimi final dhe specifikat duhet te plotesohen pas verifikimit te produktit.","5.80","","10","VS-MJE-21919","products/vs/MJETE-PUNE-VS/21919.jpg","true","false"
"Vegla Pune","Shirita","Shirit Izolues (Trak) Prej Letre 4.8*30M Verdh","Shirit Izolues (Trak) Prej Letre 4.8*30M Verdh. Produkt per Mjete Pune. Kodi i produktit: 21958.","1.45","","10","VS-MJE-21958","products/vs/MJETE-PUNE-VS/21958.jpg","true","false"
"Vegla Pune","Mjete Pune","Mjete Pune 21959","Produkt cilesor nga kategoria Mjete Pune. Pershkrimi final dhe specifikat duhet te plotesohen pas verifikimit te produktit.","1.16","","10","VS-MJE-21959","products/vs/MJETE-PUNE-VS/21959.jpg","true","false"
"Vegla Pune","Shirita","Trak Cerades 4.8*9M Hiri","Trak Cerades 4.8*9M Hiri. Produkt per Mjete Pune. Kodi i produktit: 21960.","0.87","","10","VS-MJE-21960","products/vs/MJETE-PUNE-VS/21960.jpg","true","false"
"Vegla Pune","Shirita","Trak Cerades 4.8*9M Zez","Trak Cerades 4.8*9M Zez. Produkt per Mjete Pune. Kodi i produktit: 21961.","0.87","","10","VS-MJE-21961","products/vs/MJETE-PUNE-VS/21961.jpg","true","false"
"Vegla Pune","Mjete Pune","Mjete Pune 21962","Produkt cilesor nga kategoria Mjete Pune. Pershkrimi final dhe specifikat duhet te plotesohen pas verifikimit te produktit.","1.45","","10","VS-MJE-21962","products/vs/MJETE-PUNE-VS/21962.jpg","true","false"
"Elektronike","Pajisje Elektrike","Indikator per Banjo 1/3","Indikator per Banjo 1/3. Produkt per Mjete Pune. Kodi i produktit: 21965.","9.42","","10","VS-MJE-21965","products/vs/MJETE-PUNE-VS/21965.jpg","true","false"
"Elektronike","Shtekera","Spin 3 Fazore Zez","Spin 3 Fazore Zez. Produkt per Mjete Pune. Kodi i produktit: 21967.","1.74","","10","VS-MJE-21967","products/vs/MJETE-PUNE-VS/21967.jpg","true","false"
"Vegla Pune","Brava","Brave Fioki-(Ormani) e Gjat Kw","Brave Fioki-(Ormani) e Gjat Kw. Produkt per Mjete Pune. Kodi i produktit: 21994.","3.33","","10","VS-MJE-21994","products/vs/MJETE-PUNE-VS/21994.jpg","true","false"
"Vegla Pune","Shajme","Siguresa Shajma 1/200","Siguresa Shajma 1/200. Produkt per Mjete Pune. Kodi i produktit: 21998.","5.80","","10","VS-MJE-21998","products/vs/MJETE-PUNE-VS/21998.jpg","true","false"
"Vegla Pune","Mjete Pune","Mjete Pune 22003","Produkt cilesor nga kategoria Mjete Pune. Pershkrimi final dhe specifikat duhet te plotesohen pas verifikimit te produktit.","8.70","","10","VS-MJE-22003","products/vs/MJETE-PUNE-VS/22003.jpg","true","false"
"Elektronike","Ventilatore","Ventilator Banjos 006 F150B","Ventilator Banjos 006 F150B. Produkt per Mjete Pune. Kodi i produktit: 22004.","10.88","","10","VS-MJE-22004","products/vs/MJETE-PUNE-VS/22004.jpg","true","false"
"Vegla Pune","Mjete Pune","Mjete Pune 22005","Produkt cilesor nga kategoria Mjete Pune. Pershkrimi final dhe specifikat duhet te plotesohen pas verifikimit te produktit.","5.80","","10","VS-MJE-22005","products/vs/MJETE-PUNE-VS/22005.jpg","true","false"
"Vegla Pune","Mjete Pune","Mjete Pune 22006","Produkt cilesor nga kategoria Mjete Pune. Pershkrimi final dhe specifikat duhet te plotesohen pas verifikimit te produktit.","4.35","","10","VS-MJE-22006","products/vs/MJETE-PUNE-VS/22006.jpg","true","false"
"Vegla Pune","Sharra","Sharr Hekri Bonsek Thjesht","Sharr Hekri Bonsek Thjesht. Produkt per Mjete Pune. Kodi i produktit: 22007.","1.74","","10","VS-MJE-22007","products/vs/MJETE-PUNE-VS/22007.jpg","true","false"
"Vegla Pune","Sharra","Sharr Hekuri Bonsek Kw","Sharr Hekuri Bonsek Kw. Produkt per Mjete Pune. Kodi i produktit: 22008.","5.80","","10","VS-MJE-22008","products/vs/MJETE-PUNE-VS/22008.jpg","true","false"
"Vegla Pune","Mjete Pune","Mjete Pune 22010","Produkt cilesor nga kategoria Mjete Pune. Pershkrimi final dhe specifikat duhet te plotesohen pas verifikimit te produktit.","3.19","","10","VS-MJE-22010","products/vs/MJETE-PUNE-VS/22010.jpg","true","false"
"Vegla Pune","Mjete Pune","Mjete Pune 22020","Produkt cilesor nga kategoria Mjete Pune. Pershkrimi final dhe specifikat duhet te plotesohen pas verifikimit te produktit.","4.35","","10","VS-MJE-22020","products/vs/MJETE-PUNE-VS/22020.jpg","true","false"
"Vegla Pune","Mjete Pune","Mjete Pune 22021","Produkt cilesor nga kategoria Mjete Pune. Pershkrimi final dhe specifikat duhet te plotesohen pas verifikimit te produktit.","5.80","","10","VS-MJE-22021","products/vs/MJETE-PUNE-VS/22021.jpg","true","false"
"Vegla Pune","Mjete Pune","Mjete Pune 22022","Produkt cilesor nga kategoria Mjete Pune. Pershkrimi final dhe specifikat duhet te plotesohen pas verifikimit te produktit.","6.53","","10","VS-MJE-22022","products/vs/MJETE-PUNE-VS/22022.jpg","true","false"
"Vegla Pune","Mjete Pune","Mjete Pune 22023","Produkt cilesor nga kategoria Mjete Pune. Pershkrimi final dhe specifikat duhet te plotesohen pas verifikimit te produktit.","7.25","","10","VS-MJE-22023","products/vs/MJETE-PUNE-VS/22023.jpg","true","false"
"Vegla Pune","Mjete Pune","Mjete Pune 22024","Produkt cilesor nga kategoria Mjete Pune. Pershkrimi final dhe specifikat duhet te plotesohen pas verifikimit te produktit.","5.80","","10","VS-MJE-22024","products/vs/MJETE-PUNE-VS/22024.jpg","true","false"
"Vegla Pune","Mjete Pune","Mjete Pune 22025","Produkt cilesor nga kategoria Mjete Pune. Pershkrimi final dhe specifikat duhet te plotesohen pas verifikimit te produktit.","6.53","","10","VS-MJE-22025","products/vs/MJETE-PUNE-VS/22025.jpg","true","false"
"Vegla Pune","Mjete Pune","Mjete Pune 22026","Produkt cilesor nga kategoria Mjete Pune. Pershkrimi final dhe specifikat duhet te plotesohen pas verifikimit te produktit.","8.70","","10","VS-MJE-22026","products/vs/MJETE-PUNE-VS/22026.jpg","true","false"
"Vegla Pune","Mjete Pune","Mjete Pune 22027","Produkt cilesor nga kategoria Mjete Pune. Pershkrimi final dhe specifikat duhet te plotesohen pas verifikimit te produktit.","9.42","","10","VS-MJE-22027","products/vs/MJETE-PUNE-VS/22027.jpg","true","false"
"Vegla Pune","Mjete Pune","Mjete Pune 22028","Produkt cilesor nga kategoria Mjete Pune. Pershkrimi final dhe specifikat duhet te plotesohen pas verifikimit te produktit.","9.42","","10","VS-MJE-22028","products/vs/MJETE-PUNE-VS/22028.jpg","true","false"
"Vegla Pune","Mjete Pune","Mjete Pune 22029","Produkt cilesor nga kategoria Mjete Pune. Pershkrimi final dhe specifikat duhet te plotesohen pas verifikimit te produktit.","10.15","","10","VS-MJE-22029","products/vs/MJETE-PUNE-VS/22029.jpg","true","false"
"Elektronike","Pajisje Elektrike","Hekur Elektrik per Gypa Pvc 3801-108","Hekur Elektrik per Gypa Pvc 3801-108. Produkt per Mjete Pune. Kodi i produktit: 22044.","33.35","","10","VS-MJE-22044","products/vs/MJETE-PUNE-VS/22044.jpg","true","false"
"Vegla Pune","Mjete Pune","Mjete Pune 22183","Produkt cilesor nga kategoria Mjete Pune. Pershkrimi final dhe specifikat duhet te plotesohen pas verifikimit te produktit.","3.63","","10","VS-MJE-22183","products/vs/MJETE-PUNE-VS/22183.jpg","true","false"
"Elektronike","Shtekera","Nderprers (Telekomand)-1","Nderprers (Telekomand)-1. Produkt per Mjete Pune. Kodi i produktit: 22189.","7.25","","10","VS-MJE-22189","products/vs/MJETE-PUNE-VS/22189.jpg","true","false"
"Elektronike","Shtekera","Nderprers (Telekomand)-2","Nderprers (Telekomand)-2. Produkt per Mjete Pune. Kodi i produktit: 22190.","8.70","","10","VS-MJE-22190","products/vs/MJETE-PUNE-VS/22190.jpg","true","false"
"Vegla Pune","Mjete Pune","Mjete Pune 22217","Produkt cilesor nga kategoria Mjete Pune. Pershkrimi final dhe specifikat duhet te plotesohen pas verifikimit te produktit.","1.60","","10","VS-MJE-22217","products/vs/MJETE-PUNE-VS/22217.jpg","true","false"
"Vegla Pune","Pajisje Mbrojtese","Syza Pune Pvc 2509600","Syza Pune Pvc 2509600. Produkt per Mjete Pune. Kodi i produktit: 22218.","1.89","","10","VS-MJE-22218","products/vs/MJETE-PUNE-VS/22218.jpg","true","false"
"Vegla Pune","Pajisje Mbrojtese","Syza Pune Pvc 25007200","Syza Pune Pvc 25007200. Produkt per Mjete Pune. Kodi i produktit: 22219.","1.45","","10","VS-MJE-22219","products/vs/MJETE-PUNE-VS/22219.jpg","true","false"
"Vegla Pune","Brava","Dry (Cilinder) 40 New","Dry (Cilinder) 40 New. Produkt per Mjete Pune. Kodi i produktit: 22220.","3.19","","10","VS-MJE-22220","products/vs/MJETE-PUNE-VS/22220.jpg","true","false"
"Vegla Pune","Brava","Dry (Cilinder) 50 New","Dry (Cilinder) 50 New. Produkt per Mjete Pune. Kodi i produktit: 22221.","3.92","","10","VS-MJE-22221","products/vs/MJETE-PUNE-VS/22221.jpg","true","false"
"Vegla Pune","Brava","Dry (Cilinder) 60 New","Dry (Cilinder) 60 New. Produkt per Mjete Pune. Kodi i produktit: 22222.","4.78","","10","VS-MJE-22222","products/vs/MJETE-PUNE-VS/22222.jpg","true","false"
"Vegla Pune","Mjete Pune","Mjete Pune 22223,-22224,-22225","Produkt cilesor nga kategoria Mjete Pune. Pershkrimi final dhe specifikat duhet te plotesohen pas verifikimit te produktit.","5.80","","10","VS-MJE-22223,-22224,-22225","products/vs/MJETE-PUNE-VS/22223,-22224,-22225.jpg","true","false"
"Vegla Kopshti","Karroca","Karroc Dores Wb5009","Karroc Dores Wb5009. Produkt per Mjete Pune. Kodi i produktit: 22238.","33.06","","10","VS-MJE-22238","products/vs/MJETE-PUNE-VS/22238.jpg","true","false"
"Vegla Pune","Mjete Pune","Mjete Pune 608","Produkt cilesor nga kategoria Mjete Pune. Pershkrimi final dhe specifikat duhet te plotesohen pas verifikimit te produktit.","1.45","","10","VS-MJE-608","products/vs/MJETE-PUNE-VS/608.jpg","true","false"
"Vegla Pune","Mjete Pune","Mjete Pune 972","Produkt cilesor nga kategoria Mjete Pune. Pershkrimi final dhe specifikat duhet te plotesohen pas verifikimit te produktit.","2.90","","10","VS-MJE-972","products/vs/MJETE-PUNE-VS/972.jpg","true","false"
"Vegla Pune","Mjete Pune","Mjete Pune bck","Produkt cilesor nga kategoria Mjete Pune. Pershkrimi final dhe specifikat duhet te plotesohen pas verifikimit te produktit.","4.35","","10","VS-MJE-bck","products/vs/MJETE-PUNE-VS/bck.jpg","true","false"
"Vegla Pune","Brava","Mjete Pune cilinder-brave-(20089,20511,20512)","Produkt cilesor nga kategoria Mjete Pune. Pershkrimi final dhe specifikat duhet te plotesohen pas verifikimit te produktit.","5.80","","10","VS-MJE-cilinder-brave-(20089,20511,20512)","products/vs/MJETE-PUNE-VS/cilinder-brave-(20089,20511,20512).jpg","true","false"
"Vegla Pune","Diska","Mjete Pune disk-leterlemues-115x22.2-zhw dhe 125","Produkt cilesor nga kategoria Mjete Pune. Pershkrimi final dhe specifikat duhet te plotesohen pas verifikimit te produktit.","2.90","","10","VS-MJE-disk-leterlemues-115x22.2-zhw dhe 125","products/vs/MJETE-PUNE-VS/disk-leterlemues-115x22.2-zhw dhe 125.jpg","true","false"
"Vegla Pune","Brava","Mjete Pune dry-(cilinder)","Produkt cilesor nga kategoria Mjete Pune. Pershkrimi final dhe specifikat duhet te plotesohen pas verifikimit te produktit.","3.19","","10","VS-MJE-dry-(cilinder)","products/vs/MJETE-PUNE-VS/dry-(cilinder).jpg","true","false"
"Vegla Pune","Brava","Mjete Pune dry-cilinder-(40,-50,-60)","Produkt cilesor nga kategoria Mjete Pune. Pershkrimi final dhe specifikat duhet te plotesohen pas verifikimit te produktit.","4.78","","10","VS-MJE-dry-cilinder-(40,-50,-60)","products/vs/MJETE-PUNE-VS/dry-cilinder-(40,-50,-60).jpg","true","false"
"Vegla Pune","Brava","Mjete Pune dry-cilinder-katrore","Produkt cilesor nga kategoria Mjete Pune. Pershkrimi final dhe specifikat duhet te plotesohen pas verifikimit te produktit.","3.19","","10","VS-MJE-dry-cilinder-katrore","products/vs/MJETE-PUNE-VS/dry-cilinder-katrore.jpg","true","false"
"Vegla Pune","Pajisje Saldimi","Mjete Pune kallaj-letkoni","Produkt cilesor nga kategoria Mjete Pune. Pershkrimi final dhe specifikat duhet te plotesohen pas verifikimit te produktit.","3.63","","10","VS-MJE-kallaj-letkoni","products/vs/MJETE-PUNE-VS/kallaj-letkoni.jpg","true","false"
"Vegla Pune","Pajisje Mbrojtese","Mjete Pune kepuce-me-shtres-metal","Produkt cilesor nga kategoria Mjete Pune. Pershkrimi final dhe specifikat duhet te plotesohen pas verifikimit te produktit.","17.40","","10","VS-MJE-kepuce-me-shtres-metal","products/vs/MJETE-PUNE-VS/kepuce-me-shtres-metal.jpg","true","false"
"Vegla Pune","Pajisje Mbrojtese","Mjete Pune kepuce-pune-miller","Produkt cilesor nga kategoria Mjete Pune. Pershkrimi final dhe specifikat duhet te plotesohen pas verifikimit te produktit.","17.40","","10","VS-MJE-kepuce-pune-miller","products/vs/MJETE-PUNE-VS/kepuce-pune-miller.jpg","true","false"
"Vegla Pune","Pajisje Mbrojtese","Mjete Pune kpuca-punes-me-metal-goex","Produkt cilesor nga kategoria Mjete Pune. Pershkrimi final dhe specifikat duhet te plotesohen pas verifikimit te produktit.","17.40","","10","VS-MJE-kpuca-punes-me-metal-goex","products/vs/MJETE-PUNE-VS/kpuca-punes-me-metal-goex.jpg","true","false"
"Vegla Pune","Kushineta","Mjete Pune kushineta-(1114,-20186)","Produkt cilesor nga kategoria Mjete Pune. Pershkrimi final dhe specifikat duhet te plotesohen pas verifikimit te produktit.","4.78","","10","VS-MJE-kushineta-(1114,-20186)","products/vs/MJETE-PUNE-VS/kushineta-(1114,-20186).jpg","true","false"
"Vegla Pune","Kushineta","Kushinet T70 V","Kushinet T70 V. Produkt per Mjete Pune. Kodi i produktit: kushinetat.","4.78","","10","VS-MJE-kushinetat","products/vs/MJETE-PUNE-VS/kushinetat.jpg","true","false"
"Vegla Pune","Matese","Mjete Pune libella","Produkt cilesor nga kategoria Mjete Pune. Pershkrimi final dhe specifikat duhet te plotesohen pas verifikimit te produktit.","4.35","","10","VS-MJE-libella","products/vs/MJETE-PUNE-VS/libella.jpg","true","false"
"Vegla Pune","Mjete Pune","Mjete Pune paqat-elektrik","Produkt cilesor nga kategoria Mjete Pune. Pershkrimi final dhe specifikat duhet te plotesohen pas verifikimit te produktit.","1.45","","10","VS-MJE-paqat-elektrik","products/vs/MJETE-PUNE-VS/paqat-elektrik.jpg","true","false"
"Vegla Pune","Shpaklla","Shpaklla QX-120 1""","Shpaklla QX-120 1"". Produkt per Mjete Pune. Kodi i produktit: shpaklla.","0.65","","10","VS-MJE-shpaklla","products/vs/MJETE-PUNE-VS/shpaklla.jpg","true","false"
"Vegla Pune","Bishta dhe Teleskope","Mjete Pune teleskop-bisht-2-3m","Produkt cilesor nga kategoria Mjete Pune. Pershkrimi final dhe specifikat duhet te plotesohen pas verifikimit te produktit.","2.90","","10","VS-MJE-teleskop-bisht-2-3m","products/vs/MJETE-PUNE-VS/teleskop-bisht-2-3m.jpg","true","false"
"Vegla Pune","Bishta dhe Teleskope","Mjete Pune teleskop-bisht-i-thjesht-2-dhe-3m","Produkt cilesor nga kategoria Mjete Pune. Pershkrimi final dhe specifikat duhet te plotesohen pas verifikimit te produktit.","3.63","","10","VS-MJE-teleskop-bisht-i-thjesht-2-dhe-3m","products/vs/MJETE-PUNE-VS/teleskop-bisht-i-thjesht-2-dhe-3m.jpg","true","false"
"Vegla Pune","Zinxhire","Mjete Pune zingjir-metali","Produkt cilesor nga kategoria Mjete Pune. Pershkrimi final dhe specifikat duhet te plotesohen pas verifikimit te produktit.","12.90","","10","VS-MJE-zingjir-metali","products/vs/MJETE-PUNE-VS/zingjir-metali.jpg","true","false"
"Vegla Pune","Qelsa te ndryshem","Qels Gedore Nr 21","Qels Gedore Nr 21. Produkt per Qelsa te ndryshem. Kodi i produktit: 1591.","2.17","","10","VS-QEL-1591","products/vs/MJETE-PUNE-VS-QELSA-DANA-VS/1591.jpg","true","false"
"Vegla Pune","Qelsa te ndryshem","Qels Gedore Nr 23","Qels Gedore Nr 23. Produkt per Qelsa te ndryshem. Kodi i produktit: 1592.","2.61","","10","VS-QEL-1592","products/vs/MJETE-PUNE-VS-QELSA-DANA-VS/1592.jpg","true","false"
"Vegla Pune","Qelsa te ndryshem","Qels Gedore Nr 26","Qels Gedore Nr 26. Produkt per Qelsa te ndryshem. Kodi i produktit: 1593.","3.19","","10","VS-QEL-1593","products/vs/MJETE-PUNE-VS-QELSA-DANA-VS/1593.jpg","true","false"
"Vegla Pune","Qelsa te ndryshem","Qels Gedore Nr 30","Qels Gedore Nr 30. Produkt per Qelsa te ndryshem. Kodi i produktit: 1595.","4.35","","10","VS-QEL-1595","products/vs/MJETE-PUNE-VS-QELSA-DANA-VS/1595.jpg","true","false"
"Vegla Pune","Qelsa te ndryshem","Qels Gedore Nr 22","Qels Gedore Nr 22. Produkt per Qelsa te ndryshem. Kodi i produktit: 1597.","2.39","","10","VS-QEL-1597","products/vs/MJETE-PUNE-VS-QELSA-DANA-VS/1597.jpg","true","false"
"Vegla Pune","Qelsa te ndryshem","Qels Gedore Nr24","Qels Gedore Nr24. Produkt per Qelsa te ndryshem. Kodi i produktit: 1598.","2.90","","10","VS-QEL-1598","products/vs/MJETE-PUNE-VS-QELSA-DANA-VS/1598.jpg","true","false"
"Vegla Pune","Qelsa te ndryshem","Qels Gedore Nr32","Qels Gedore Nr32. Produkt per Qelsa te ndryshem. Kodi i produktit: 1599.","4.64","","10","VS-QEL-1599","products/vs/MJETE-PUNE-VS-QELSA-DANA-VS/1599.jpg","true","false"
"Vegla Pune","Qelsa te ndryshem","Qelsa Gedore 8/10/13/14/15","Qelsa Gedore 8/10/13/14/15. Produkt per Qelsa te ndryshem. Kodi i produktit: 1623.","0.87","","10","VS-QEL-1623...","products/vs/MJETE-PUNE-VS-QELSA-DANA-VS/1623....jpg","true","false"
"Vegla Pune","Qelsa te ndryshem","Qelsa te ndryshem 20145-46","Produkt cilesor nga kategoria Qelsa te ndryshem. Pershkrimi final dhe specifikat duhet te plotesohen pas verifikimit te produktit.","7.98","","10","VS-QEL-20145-46","products/vs/MJETE-PUNE-VS-QELSA-DANA-VS/20145-46.jpg","true","false"
"Vegla Pune","Qelsa te ndryshem","Qeles Rrotullues 8","Qeles Rrotullues 8. Produkt per Qelsa te ndryshem. Kodi i produktit: 20770.","5.08","","10","VS-QEL-20770","products/vs/MJETE-PUNE-VS-QELSA-DANA-VS/20770.jpg","true","false"
"Vegla Pune","Qelsa te ndryshem","Qelsa te ndryshem 20969","Produkt cilesor nga kategoria Qelsa te ndryshem. Pershkrimi final dhe specifikat duhet te plotesohen pas verifikimit te produktit.","28.99","","10","VS-QEL-20969","products/vs/MJETE-PUNE-VS-QELSA-DANA-VS/20969.jpg","true","false"
"Vegla Pune","Dana","Dana Ujit Papagajka 12” Por","Dana Ujit Papagajka 12” Por. Produkt per Qelsa te ndryshem. Kodi i produktit: 21167.","5.51","","10","VS-QEL-21167","products/vs/MJETE-PUNE-VS-QELSA-DANA-VS/21167.jpg","true","false"
"Vegla Pune","Dana","Dana Ujit Papagajka 10” Por","Dana Ujit Papagajka 10” Por. Produkt per Qelsa te ndryshem. Kodi i produktit: 21168.","3.92","","10","VS-QEL-21168","products/vs/MJETE-PUNE-VS-QELSA-DANA-VS/21168.jpg","true","false"
"Vegla Pune","Brusha","Brush Set 1/5 Qelikut But","Brush Set 1/5 Qelikut But. Produkt per Qelsa te ndryshem. Kodi i produktit: 21173.","2.17","","10","VS-QEL-21173","products/vs/MJETE-PUNE-VS-QELSA-DANA-VS/21173.jpg","true","false"
"Vegla Pune","Qelsa te ndryshem","Qelsa te ndryshem 21212","Produkt cilesor nga kategoria Qelsa te ndryshem. Pershkrimi final dhe specifikat duhet te plotesohen pas verifikimit te produktit.","3.63","","10","VS-QEL-21212","products/vs/MJETE-PUNE-VS-QELSA-DANA-VS/21212.jpg","true","false"
"Vegla Pune","Qelsa te ndryshem","Qeles Kontra Shlirues 4 6","Qeles Kontra Shlirues 4 6. Produkt per Qelsa te ndryshem. Kodi i produktit: 21224.","1.89","","10","VS-QEL-21224","products/vs/MJETE-PUNE-VS-QELSA-DANA-VS/21224.jpg","true","false"
"Vegla Pune","Qelsa te ndryshem","Qelsa te ndryshem 21225","Produkt cilesor nga kategoria Qelsa te ndryshem. Pershkrimi final dhe specifikat duhet te plotesohen pas verifikimit te produktit.","3.63","","10","VS-QEL-21225","products/vs/MJETE-PUNE-VS-QELSA-DANA-VS/21225.jpg","true","false"
"Vegla Pune","Qelsa te ndryshem","Qelsa te ndryshem 21226","Produkt cilesor nga kategoria Qelsa te ndryshem. Pershkrimi final dhe specifikat duhet te plotesohen pas verifikimit te produktit.","3.63","","10","VS-QEL-21226","products/vs/MJETE-PUNE-VS-QELSA-DANA-VS/21226.jpg","true","false"
"Vegla Pune","Qelsa te ndryshem","Qelsa te ndryshem 21227","Produkt cilesor nga kategoria Qelsa te ndryshem. Pershkrimi final dhe specifikat duhet te plotesohen pas verifikimit te produktit.","4.35","","10","VS-QEL-21227","products/vs/MJETE-PUNE-VS-QELSA-DANA-VS/21227.jpg","true","false"
"Vegla Pune","Qelsa te ndryshem","Qeles per Hapje te Llozeve 1/20","Qeles per Hapje te Llozeve 1/20. Produkt per Qelsa te ndryshem. Kodi i produktit: 21228.","11.60","","10","VS-QEL-21228","products/vs/MJETE-PUNE-VS-QELSA-DANA-VS/21228.jpg","true","false"
"Vegla Pune","Qelsa te ndryshem","Qelsa te ndryshem 21235-36-37","Produkt cilesor nga kategoria Qelsa te ndryshem. Pershkrimi final dhe specifikat duhet te plotesohen pas verifikimit te produktit.","7.25","","10","VS-QEL-21235-36-37","products/vs/MJETE-PUNE-VS-QELSA-DANA-VS/21235-36-37.jpg","true","false"
"Vegla Pune","Dana","Dana per Tel 10"" Kw","Dana per Tel 10"" Kw. Produkt per Qelsa te ndryshem. Kodi i produktit: 21238-39-40.","2.90","","10","VS-QEL-21238-39-40","products/vs/MJETE-PUNE-VS-QELSA-DANA-VS/21238-39-40.jpg","true","false"
"Vegla Pune","Qelsa te ndryshem","Qelsa te ndryshem 21268","Produkt cilesor nga kategoria Qelsa te ndryshem. Pershkrimi final dhe specifikat duhet te plotesohen pas verifikimit te produktit.","5.80","","10","VS-QEL-21268","products/vs/MJETE-PUNE-VS-QELSA-DANA-VS/21268.jpg","true","false"
"Vegla Pune","Gershana","Gershan Pleku 1/1 Drejt","Gershan Pleku 1/1 Drejt. Produkt per Qelsa te ndryshem. Kodi i produktit: 21435.","3.63","","10","VS-QEL-21435","products/vs/MJETE-PUNE-VS-QELSA-DANA-VS/21435.jpg","true","false"
"Vegla Pune","Gershana","Gershan Pleku 1/1 Majtas","Gershan Pleku 1/1 Majtas. Produkt per Qelsa te ndryshem. Kodi i produktit: 21436.","3.63","","10","VS-QEL-21436","products/vs/MJETE-PUNE-VS-QELSA-DANA-VS/21436.jpg","true","false"
"Vegla Pune","Gershana","Gershan Pleku 1/1 Djathtas","Gershan Pleku 1/1 Djathtas. Produkt per Qelsa te ndryshem. Kodi i produktit: 21437.","3.63","","10","VS-QEL-21437","products/vs/MJETE-PUNE-VS-QELSA-DANA-VS/21437.jpg","true","false"
"Vegla Pune","Qelsa te ndryshem","Qelsa te ndryshem 21441-21442-21443","Produkt cilesor nga kategoria Qelsa te ndryshem. Pershkrimi final dhe specifikat duhet te plotesohen pas verifikimit te produktit.","4.35","","10","VS-QEL-21441-21442-21443","products/vs/MJETE-PUNE-VS-QELSA-DANA-VS/21441-21442-21443.jpg","true","false"
"Vegla Pune","Dana","Dana per Armatur 18","Dana per Armatur 18. Produkt per Qelsa te ndryshem. Kodi i produktit: 21445.","9.42","","10","VS-QEL-21445","products/vs/MJETE-PUNE-VS-QELSA-DANA-VS/21445.jpg","true","false"
"Vegla Pune","Dana","Dana per Armatur 24","Dana per Armatur 24. Produkt per Qelsa te ndryshem. Kodi i produktit: 21446.","12.33","","10","VS-QEL-21446","products/vs/MJETE-PUNE-VS-QELSA-DANA-VS/21446.jpg","true","false"
"Vegla Pune","Dana","Dana per Armatur 30","Dana per Armatur 30. Produkt per Qelsa te ndryshem. Kodi i produktit: 21447.","16.68","","10","VS-QEL-21447","products/vs/MJETE-PUNE-VS-QELSA-DANA-VS/21447.jpg","true","false"
"Vegla Pune","Dana","Dana per Armatur 36","Dana per Armatur 36. Produkt per Qelsa te ndryshem. Kodi i produktit: 21448.","21.03","","10","VS-QEL-21448","products/vs/MJETE-PUNE-VS-QELSA-DANA-VS/21448.jpg","true","false"
"Vegla Pune","Dana","Dana per Armatur 42","Dana per Armatur 42. Produkt per Qelsa te ndryshem. Kodi i produktit: 21449.","28.28","","10","VS-QEL-21449","products/vs/MJETE-PUNE-VS-QELSA-DANA-VS/21449.jpg","true","false"
"Vegla Pune","Dana","Dana Rryme 8"" Kalt","Dana Rryme 8"" Kalt. Produkt per Qelsa te ndryshem. Kodi i produktit: 21462.","2.90","","10","VS-QEL-21462","products/vs/MJETE-PUNE-VS-QELSA-DANA-VS/21462.jpg","true","false"
"Vegla Pune","Dana","Dana Rryme 8” Prerse Kalt","Dana Rryme 8” Prerse Kalt. Produkt per Qelsa te ndryshem. Kodi i produktit: 21463.","2.90","","10","VS-QEL-21463","products/vs/MJETE-PUNE-VS-QELSA-DANA-VS/21463.jpg","true","false"
"Vegla Pune","Qelsa te ndryshem","Qelsa te ndryshem 21593","Produkt cilesor nga kategoria Qelsa te ndryshem. Pershkrimi final dhe specifikat duhet te plotesohen pas verifikimit te produktit.","3.63","","10","VS-QEL-21593","products/vs/MJETE-PUNE-VS-QELSA-DANA-VS/21593.jpg","true","false"
"Vegla Pune","Qelsa te ndryshem","Qelsa te ndryshem 21595","Produkt cilesor nga kategoria Qelsa te ndryshem. Pershkrimi final dhe specifikat duhet te plotesohen pas verifikimit te produktit.","3.63","","10","VS-QEL-21595","products/vs/MJETE-PUNE-VS-QELSA-DANA-VS/21595.jpg","true","false"
"Vegla Pune","Qelsa te ndryshem","Qelsa te ndryshem 21596","Produkt cilesor nga kategoria Qelsa te ndryshem. Pershkrimi final dhe specifikat duhet te plotesohen pas verifikimit te produktit.","5.80","","10","VS-QEL-21596","products/vs/MJETE-PUNE-VS-QELSA-DANA-VS/21596.jpg","true","false"
"Vegla Pune","Qelsa te ndryshem","Qeles Kombinuar","Qeles Kombinuar. Produkt per Qelsa te ndryshem. Kodi i produktit: 21648.","3.63","","10","VS-QEL-21648","products/vs/MJETE-PUNE-VS-QELSA-DANA-VS/21648.jpg","true","false"
"Vegla Pune","Qelsa te ndryshem","Qelsa te ndryshem 21661","Produkt cilesor nga kategoria Qelsa te ndryshem. Pershkrimi final dhe specifikat duhet te plotesohen pas verifikimit te produktit.","5.08","","10","VS-QEL-21661","products/vs/MJETE-PUNE-VS-QELSA-DANA-VS/21661.jpg","true","false"
"Vegla Pune","Qelsa te ndryshem","Qelsa te ndryshem 21662","Produkt cilesor nga kategoria Qelsa te ndryshem. Pershkrimi final dhe specifikat duhet te plotesohen pas verifikimit te produktit.","5.80","","10","VS-QEL-21662","products/vs/MJETE-PUNE-VS-QELSA-DANA-VS/21662.jpg","true","false"
"Vegla Pune","Dana","Dana Rryme Kuqe 8","Dana Rryme Kuqe 8. Produkt per Qelsa te ndryshem. Kodi i produktit: 21780.","3.19","","10","VS-QEL-21780","products/vs/MJETE-PUNE-VS-QELSA-DANA-VS/21780.jpg","true","false"
"Vegla Pune","Qelsa te ndryshem","Qelsa te ndryshem 21828","Produkt cilesor nga kategoria Qelsa te ndryshem. Pershkrimi final dhe specifikat duhet te plotesohen pas verifikimit te produktit.","10.88","","10","VS-QEL-21828","products/vs/MJETE-PUNE-VS-QELSA-DANA-VS/21828.jpg","true","false"
"Vegla Pune","Dana","Dana Shumefunksionale","Dana Shumefunksionale. Produkt per Qelsa te ndryshem. Kodi i produktit: 21857.","3.19","","10","VS-QEL-21857","products/vs/MJETE-PUNE-VS-QELSA-DANA-VS/21857.jpg","true","false"
"Vegla Pune","Dana","Dana Rryme Aweisi","Dana Rryme Aweisi. Produkt per Qelsa te ndryshem. Kodi i produktit: 22009.","3.63","","10","VS-QEL-22009","products/vs/MJETE-PUNE-VS-QELSA-DANA-VS/22009.jpg","true","false"
"Vegla Pune","Qelsa te ndryshem","Qelsa te ndryshem 22011","Produkt cilesor nga kategoria Qelsa te ndryshem. Pershkrimi final dhe specifikat duhet te plotesohen pas verifikimit te produktit.","3.63","","10","VS-QEL-22011","products/vs/MJETE-PUNE-VS-QELSA-DANA-VS/22011.jpg","true","false"
"Vegla Pune","Dana","Dana Rryme 9” Kw (V","Dana Rryme 9” Kw (V. Produkt per Qelsa te ndryshem. Kodi i produktit: 22012.","4.35","","10","VS-QEL-22012","products/vs/MJETE-PUNE-VS-QELSA-DANA-VS/22012.jpg","true","false"
"Vegla Pune","Dana","Dana Nitneve H-608","Dana Nitneve H-608. Produkt per Qelsa te ndryshem. Kodi i produktit: 22013.","3.63","","10","VS-QEL-22013","products/vs/MJETE-PUNE-VS-QELSA-DANA-VS/22013.jpg","true","false"
"Vegla Pune","Qelsa te ndryshem","Qelsa te ndryshem 22014","Produkt cilesor nga kategoria Qelsa te ndryshem. Pershkrimi final dhe specifikat duhet te plotesohen pas verifikimit te produktit.","4.35","","10","VS-QEL-22014","products/vs/MJETE-PUNE-VS-QELSA-DANA-VS/22014.jpg","true","false"
"Vegla Pune","Qelsa te ndryshem","Qelsa te ndryshem 411","Produkt cilesor nga kategoria Qelsa te ndryshem. Pershkrimi final dhe specifikat duhet te plotesohen pas verifikimit te produktit.","3.19","","10","VS-QEL-411","products/vs/MJETE-PUNE-VS-QELSA-DANA-VS/411.jpg","true","false"
"Vegla Pune","Qelsa te ndryshem","Qelsa te ndryshem 418","Produkt cilesor nga kategoria Qelsa te ndryshem. Pershkrimi final dhe specifikat duhet te plotesohen pas verifikimit te produktit.","7.25","","10","VS-QEL-418","products/vs/MJETE-PUNE-VS-QELSA-DANA-VS/418.jpg","true","false"
"Vegla Pune","Qelsa te ndryshem","Qelsa te ndryshem 420","Produkt cilesor nga kategoria Qelsa te ndryshem. Pershkrimi final dhe specifikat duhet te plotesohen pas verifikimit te produktit.","5.80","","10","VS-QEL-420","products/vs/MJETE-PUNE-VS-QELSA-DANA-VS/420.jpg","true","false"
"Vegla Pune","Dana","Dana Uji 3","Dana Uji 3. Produkt per Qelsa te ndryshem. Kodi i produktit: 421.","23.20","","10","VS-QEL-421","products/vs/MJETE-PUNE-VS-QELSA-DANA-VS/421.jpg","true","false"
"Vegla Pune","Dana","Qelsa te ndryshem dana-teli3x","Produkt cilesor nga kategoria Qelsa te ndryshem. Pershkrimi final dhe specifikat duhet te plotesohen pas verifikimit te produktit.","4.35","","10","VS-QEL-dana-teli3x","products/vs/MJETE-PUNE-VS-QELSA-DANA-VS/dana-teli3x.jpg","true","false"
"Vegla Pune","Qelsa te ndryshem","Qelsa te ndryshem qeles-per-rrota-kerrev","Produkt cilesor nga kategoria Qelsa te ndryshem. Pershkrimi final dhe specifikat duhet te plotesohen pas verifikimit te produktit.","7.25","","10","VS-QEL-qeles-per-rrota-kerrev","products/vs/MJETE-PUNE-VS-QELSA-DANA-VS/qeles-per-rrota-kerrev.jpg","true","false"
"Vegla Pune","Qelsa te ndryshem","Qelsa te ndryshem qeles-te-thjesht","Produkt cilesor nga kategoria Qelsa te ndryshem. Pershkrimi final dhe specifikat duhet te plotesohen pas verifikimit te produktit.","2.17","","10","VS-QEL-qeles-te-thjesht","products/vs/MJETE-PUNE-VS-QELSA-DANA-VS/qeles-te-thjesht.jpg","true","false"
"Vegla Pune","Qelsa te ndryshem","Qelsa te ndryshem qeles-te-thjeshte-i-hapur","Produkt cilesor nga kategoria Qelsa te ndryshem. Pershkrimi final dhe specifikat duhet te plotesohen pas verifikimit te produktit.","2.17","","10","VS-QEL-qeles-te-thjeshte-i-hapur","products/vs/MJETE-PUNE-VS-QELSA-DANA-VS/qeles-te-thjeshte-i-hapur.jpg","true","false"
"Vegla Pune","Qelsa te ndryshem","Qelsa per Bulona V&O Nr 10","Qelsa per Bulona V&O Nr 10. Produkt per Qelsa te ndryshem. Kodi i produktit: qelsa-per-bulona.","1.74","","10","VS-QEL-qelsa-per-bulona","products/vs/MJETE-PUNE-VS-QELSA-DANA-VS/qelsa-per-bulona.jpg","true","false"
"Vegla Pune","Shajme","Shajme 20191","Produkt cilesor nga kategoria Shajme. Pershkrimi final dhe specifikat duhet te plotesohen pas verifikimit te produktit.","3.19","","10","VS-SHA-20191","products/vs/MJETE-PUNE-VS-ZHWE-VS/20191.jpg","true","false"
"Vegla Pune","Diska","Disk Prers 115*1*22.2 Zhw","Disk Prers 115*1*22.2 Zhw. Produkt per Shajme. Kodi i produktit: 20192.","0.44","","10","VS-SHA-20192","products/vs/MJETE-PUNE-VS-ZHWE-VS/20192.jpg","true","false"
"Vegla Pune","Shajme","Shajme 20193","Produkt cilesor nga kategoria Shajme. Pershkrimi final dhe specifikat duhet te plotesohen pas verifikimit te produktit.","0.87","","10","VS-SHA-20193","products/vs/MJETE-PUNE-VS-ZHWE-VS/20193.jpg","true","false"
"Vegla Pune","Burgi","Burgi Konus 4-20 Zhw","Burgi Konus 4-20 Zhw. Produkt per Shajme. Kodi i produktit: 20433.","3.77","","10","VS-SHA-20433","products/vs/MJETE-PUNE-VS-ZHWE-VS/20433.jpg","true","false"
"Vegla Pune","Burgi","Burgi Konus 4-32 Zhw","Burgi Konus 4-32 Zhw. Produkt per Shajme. Kodi i produktit: 20434.","7.54","","10","VS-SHA-20434","products/vs/MJETE-PUNE-VS-ZHWE-VS/20434.jpg","true","false"
"Vegla Pune","Shajme","Shajme 20435","Produkt cilesor nga kategoria Shajme. Pershkrimi final dhe specifikat duhet te plotesohen pas verifikimit te produktit.","4.35","","10","VS-SHA-20435","products/vs/MJETE-PUNE-VS-ZHWE-VS/20435.jpg","true","false"
"Vegla Pune","Burgi","Burgi Konus 4-32 Zhw Spirale","Burgi Konus 4-32 Zhw Spirale. Produkt per Shajme. Kodi i produktit: 20436.","8.70","","10","VS-SHA-20436","products/vs/MJETE-PUNE-VS-ZHWE-VS/20436.jpg","true","false"
"Vegla Pune","Shajme","Shajme 20437","Produkt cilesor nga kategoria Shajme. Pershkrimi final dhe specifikat duhet te plotesohen pas verifikimit te produktit.","3.63","","10","VS-SHA-20437","products/vs/MJETE-PUNE-VS-ZHWE-VS/20437.jpg","true","false"
"Vegla Pune","Shajme","Shajme 20438","Produkt cilesor nga kategoria Shajme. Pershkrimi final dhe specifikat duhet te plotesohen pas verifikimit te produktit.","2.90","","10","VS-SHA-20438","products/vs/MJETE-PUNE-VS-ZHWE-VS/20438.jpg","true","false"
"Vegla Pune","Shajme","Shajme 20439","Produkt cilesor nga kategoria Shajme. Pershkrimi final dhe specifikat duhet te plotesohen pas verifikimit te produktit.","4.35","","10","VS-SHA-20439","products/vs/MJETE-PUNE-VS-ZHWE-VS/20439.jpg","true","false"
"Vegla Pune","Shajme","Shajme 20440","Produkt cilesor nga kategoria Shajme. Pershkrimi final dhe specifikat duhet te plotesohen pas verifikimit te produktit.","5.80","","10","VS-SHA-20440","products/vs/MJETE-PUNE-VS-ZHWE-VS/20440.jpg","true","false"
"Vegla Pune","Diska","Disk Betoni 115 Wet Zhw","Disk Betoni 115 Wet Zhw. Produkt per Shajme. Kodi i produktit: 20441.","2.47","","10","VS-SHA-20441","products/vs/MJETE-PUNE-VS-ZHWE-VS/20441.jpg","true","false"
"Vegla Pune","Shajme","Shajme 20442","Produkt cilesor nga kategoria Shajme. Pershkrimi final dhe specifikat duhet te plotesohen pas verifikimit te produktit.","2.90","","10","VS-SHA-20442","products/vs/MJETE-PUNE-VS-ZHWE-VS/20442.jpg","true","false"
"Vegla Pune","Shajme","Shajme 20443","Produkt cilesor nga kategoria Shajme. Pershkrimi final dhe specifikat duhet te plotesohen pas verifikimit te produktit.","4.35","","10","VS-SHA-20443","products/vs/MJETE-PUNE-VS-ZHWE-VS/20443.jpg","true","false"
"Vegla Pune","Shajme","PAKO 1/10 cop","PAKO 1/10 cop. Produkt per Shajme. Kodi i produktit: 20444.","7.98","","10","VS-SHA-20444","products/vs/MJETE-PUNE-VS-ZHWE-VS/20444.jpg","true","false"
"Vegla Pune","Kaqavida","Kaqavid 4” + Zhw","Kaqavid 4” + Zhw. Produkt per Shajme. Kodi i produktit: 20445.","0.94","","10","VS-SHA-20445","products/vs/MJETE-PUNE-VS-ZHWE-VS/20445.jpg","true","false"
"Vegla Pune","Kaqavida","Kaqavid 5” + Zhw","Kaqavid 5” + Zhw. Produkt per Shajme. Kodi i produktit: 20446.","1.09","","10","VS-SHA-20446","products/vs/MJETE-PUNE-VS-ZHWE-VS/20446.jpg","true","false"
"Vegla Pune","Kaqavida","Kaqavid 6” + Zhw","Kaqavid 6” + Zhw. Produkt per Shajme. Kodi i produktit: 20447.","1.16","","10","VS-SHA-20447","products/vs/MJETE-PUNE-VS-ZHWE-VS/20447.jpg","true","false"
"Vegla Pune","Kaqavida","Kaqavid 8” + Zhw","Kaqavid 8” + Zhw. Produkt per Shajme. Kodi i produktit: 20448.","1.31","","10","VS-SHA-20448","products/vs/MJETE-PUNE-VS-ZHWE-VS/20448.jpg","true","false"
"Vegla Pune","Kaqavida","Kaqavid 10” + Zhw","Kaqavid 10” + Zhw. Produkt per Shajme. Kodi i produktit: 20449.","1.60","","10","VS-SHA-20449","products/vs/MJETE-PUNE-VS-ZHWE-VS/20449.jpg","true","false"
"Vegla Pune","Kaqavida","Kaqavid 12” + Zhw","Kaqavid 12” + Zhw. Produkt per Shajme. Kodi i produktit: 20450.","1.74","","10","VS-SHA-20450","products/vs/MJETE-PUNE-VS-ZHWE-VS/20450.jpg","true","false"
"Vegla Pune","Kaqavida","Kaqavid 6”-Zhw","Kaqavid 6”-Zhw. Produkt per Shajme. Kodi i produktit: 20452.","1.16","","10","VS-SHA-20452","products/vs/MJETE-PUNE-VS-ZHWE-VS/20452.jpg","true","false"
"Vegla Pune","Kaqavida","Kaqavid 8”-Zhw","Kaqavid 8”-Zhw. Produkt per Shajme. Kodi i produktit: 20453.","1.31","","10","VS-SHA-20453","products/vs/MJETE-PUNE-VS-ZHWE-VS/20453.jpg","true","false"
"Vegla Pune","Kaqavida","Kaqavid 10”-Zhw","Kaqavid 10”-Zhw. Produkt per Shajme. Kodi i produktit: 20454.","1.60","","10","VS-SHA-20454","products/vs/MJETE-PUNE-VS-ZHWE-VS/20454.jpg","true","false"
"Vegla Pune","Kaqavida","Kaqavid 12”-Zhw","Kaqavid 12”-Zhw. Produkt per Shajme. Kodi i produktit: 20455.","1.74","","10","VS-SHA-20455","products/vs/MJETE-PUNE-VS-ZHWE-VS/20455.jpg","true","false"
"Vegla Pune","Kaqavida","Kaqavid Dy Ansore +-6*100 Zhw","Kaqavid Dy Ansore +-6*100 Zhw. Produkt per Shajme. Kodi i produktit: 20456.","1.16","","10","VS-SHA-20456","products/vs/MJETE-PUNE-VS-ZHWE-VS/20456.jpg","true","false"
"Vegla Pune","Shajme","Shajme 20457","Produkt cilesor nga kategoria Shajme. Pershkrimi final dhe specifikat duhet te plotesohen pas verifikimit te produktit.","1.45","","10","VS-SHA-20457","products/vs/MJETE-PUNE-VS-ZHWE-VS/20457.jpg","true","false"
"Vegla Pune","Kaqavida","Kaqavid 1/7 Zhw","Kaqavid 1/7 Zhw. Produkt per Shajme. Kodi i produktit: 20458.","8.70","","10","VS-SHA-20458","products/vs/MJETE-PUNE-VS-ZHWE-VS/20458.jpg","true","false"
"Vegla Pune","Kaqavida","Kaqavida 1/9 Zhw","Kaqavida 1/9 Zhw. Produkt per Shajme. Kodi i produktit: 20459.","10.15","","10","VS-SHA-20459","products/vs/MJETE-PUNE-VS-ZHWE-VS/20459.jpg","true","false"
"Vegla Pune","Imbus","Imbus L1/9 Zhw","Imbus L1/9 Zhw. Produkt per Shajme. Kodi i produktit: 20460.","3.77","","10","VS-SHA-20460","products/vs/MJETE-PUNE-VS-ZHWE-VS/20460.jpg","true","false"
"Vegla Pune","Burgi","Burgi Metali 1/13 Zhw","Burgi Metali 1/13 Zhw. Produkt per Shajme. Kodi i produktit: 20463.","4.35","","10","VS-SHA-20463","products/vs/MJETE-PUNE-VS-ZHWE-VS/20463.jpg","true","false"
"Vegla Pune","Kaqavida","Kaqavid 5”-Zhw","Kaqavid 5”-Zhw. Produkt per Shajme. Kodi i produktit: 20465.","1.09","","10","VS-SHA-20465","products/vs/MJETE-PUNE-VS-ZHWE-VS/20465.jpg","true","false"
"Vegla Pune","Shajme","Shajme 20517","Produkt cilesor nga kategoria Shajme. Pershkrimi final dhe specifikat duhet te plotesohen pas verifikimit te produktit.","18.85","","10","VS-SHA-20517","products/vs/MJETE-PUNE-VS-ZHWE-VS/20517.jpg","true","false"
"Vegla Pune","Pistola","Pishtole ngjyre me ajr H827 1.7mm","Pishtole ngjyre me ajr H827 1.7mm. Produkt per Shajme. Kodi i produktit: 20518.","18.85","","10","VS-SHA-20518","products/vs/MJETE-PUNE-VS-ZHWE-VS/20518.jpg","true","false"
"Vegla Pune","Shajme","Shajme 20519","Produkt cilesor nga kategoria Shajme. Pershkrimi final dhe specifikat duhet te plotesohen pas verifikimit te produktit.","18.85","","10","VS-SHA-20519","products/vs/MJETE-PUNE-VS-ZHWE-VS/20519.jpg","true","false"
"Vegla Pune","Shajme","Shajme 20520","Produkt cilesor nga kategoria Shajme. Pershkrimi final dhe specifikat duhet te plotesohen pas verifikimit te produktit.","5.08","","10","VS-SHA-20520","products/vs/MJETE-PUNE-VS-ZHWE-VS/20520.jpg","true","false"
"Vegla Pune","Kaqavida","Precision Bits","Precision Bits. Produkt per Shajme. Kodi i produktit: 20521.","0.44","","10","VS-SHA-20521","products/vs/MJETE-PUNE-VS-ZHWE-VS/20521.jpg","true","false"
"Vegla Pune","Kaqavida","Magnetic","Magnetic. Produkt per Shajme. Kodi i produktit: 20522.","0.44","","10","VS-SHA-20522","products/vs/MJETE-PUNE-VS-ZHWE-VS/20522.jpg","true","false"
"Vegla Pune","Kaqavida","Koke Kaqavide Ph2 65 Zhw","Koke Kaqavide Ph2 65 Zhw. Produkt per Shajme. Kodi i produktit: 20523.","0.65","","10","VS-SHA-20523","products/vs/MJETE-PUNE-VS-ZHWE-VS/20523.jpg","true","false"
"Vegla Pune","Shajme","Shajme 20655","Produkt cilesor nga kategoria Shajme. Pershkrimi final dhe specifikat duhet te plotesohen pas verifikimit te produktit.","7.25","","10","VS-SHA-20655","products/vs/MJETE-PUNE-VS-ZHWE-VS/20655.jpg","true","false"
"Vegla Pune","Burgi","Burgi Metali Zhw 3.0 Mm","Burgi Metali Zhw 3.0 Mm. Produkt per Shajme. Kodi i produktit: 20666.","0.36","","10","VS-SHA-20666","products/vs/MJETE-PUNE-VS-ZHWE-VS/20666.jpg","true","false"
"Vegla Pune","Burgi","Ly Groud Drill","Ly Groud Drill. Produkt per Shajme. Kodi i produktit: 20667.","0.46","","10","VS-SHA-20667","products/vs/MJETE-PUNE-VS-ZHWE-VS/20667.jpg","true","false"
"Vegla Pune","Burgi","Burgi Metali ZHW 4MM","Burgi Metali ZHW 4MM. Produkt per Shajme. Kodi i produktit: 20668.","0.58","","10","VS-SHA-20668","products/vs/MJETE-PUNE-VS-ZHWE-VS/20668.jpg","true","false"
"Vegla Pune","Burgi","Burgi Metali ZHW 5MM","Burgi Metali ZHW 5MM. Produkt per Shajme. Kodi i produktit: 20669.","0.87","","10","VS-SHA-20669","products/vs/MJETE-PUNE-VS-ZHWE-VS/20669.jpg","true","false"
"Vegla Pune","Shajme","Shajme 20670","Produkt cilesor nga kategoria Shajme. Pershkrimi final dhe specifikat duhet te plotesohen pas verifikimit te produktit.","1.16","","10","VS-SHA-20670","products/vs/MJETE-PUNE-VS-ZHWE-VS/20670.jpg","true","false"
"Vegla Pune","Shajme","Shajme 20671","Produkt cilesor nga kategoria Shajme. Pershkrimi final dhe specifikat duhet te plotesohen pas verifikimit te produktit.","2.17","","10","VS-SHA-20671","products/vs/MJETE-PUNE-VS-ZHWE-VS/20671.jpg","true","false"
"Vegla Pune","Shajme","Shajme 20672","Produkt cilesor nga kategoria Shajme. Pershkrimi final dhe specifikat duhet te plotesohen pas verifikimit te produktit.","3.63","","10","VS-SHA-20672","products/vs/MJETE-PUNE-VS-ZHWE-VS/20672.jpg","true","false"
"Vegla Pune","Burgi","Burgi Metali Zhw 12 Mm","Burgi Metali Zhw 12 Mm. Produkt per Shajme. Kodi i produktit: 20673.","5.08","","10","VS-SHA-20673","products/vs/MJETE-PUNE-VS-ZHWE-VS/20673.jpg","true","false"
"Vegla Pune","Burgi","Burgi Keramike Zw-F13011/4","Burgi Keramike Zw-F13011/4. Produkt per Shajme. Kodi i produktit: 20955.","13.05","","10","VS-SHA-20955","products/vs/MJETE-PUNE-VS-ZHWE-VS/20955.jpg","true","false"
"Vegla Pune","Shajme","Shajme 20956","Produkt cilesor nga kategoria Shajme. Pershkrimi final dhe specifikat duhet te plotesohen pas verifikimit te produktit.","4.35","","10","VS-SHA-20956","products/vs/MJETE-PUNE-VS-ZHWE-VS/20956.jpg","true","false"
"Vegla Pune","Burgi","Burgi Rrumbullaket Druri Zw-F0406 22Mm","Burgi Rrumbullaket Druri Zw-F0406 22Mm. Produkt per Shajme. Kodi i produktit: 20957.","1.74","","10","VS-SHA-20957","products/vs/MJETE-PUNE-VS-ZHWE-VS/20957.jpg","true","false"
"Vegla Pune","Burgi","Burgi Rrumbullaket Druri Zw-F0406 25Mm","Burgi Rrumbullaket Druri Zw-F0406 25Mm. Produkt per Shajme. Kodi i produktit: 20958.","1.96","","10","VS-SHA-20958","products/vs/MJETE-PUNE-VS-ZHWE-VS/20958.jpg","true","false"
"Vegla Pune","Burgi","Burgi Rrumbullaket Druri Zw-F0406 28Mm","Burgi Rrumbullaket Druri Zw-F0406 28Mm. Produkt per Shajme. Kodi i produktit: 20959.","2.17","","10","VS-SHA-20959","products/vs/MJETE-PUNE-VS-ZHWE-VS/20959.jpg","true","false"
"Vegla Pune","Burgi","Burgi per Dru Rrumbullaket Zw-F0406 35Mm","Burgi per Dru Rrumbullaket Zw-F0406 35Mm. Produkt per Shajme. Kodi i produktit: 20960.","2.76","","10","VS-SHA-20960","products/vs/MJETE-PUNE-VS-ZHWE-VS/20960.jpg","true","false"
"Vegla Pune","Burgi","Burgi per Dru Rrumbullaket Zw-F0406 40Mm","Burgi per Dru Rrumbullaket Zw-F0406 40Mm. Produkt per Shajme. Kodi i produktit: 20961.","3.19","","10","VS-SHA-20961","products/vs/MJETE-PUNE-VS-ZHWE-VS/20961.jpg","true","false"
"Vegla Pune","Burgi","Burgi per Dru Rrumbullaket Zw-F0406 50Mm","Burgi per Dru Rrumbullaket Zw-F0406 50Mm. Produkt per Shajme. Kodi i produktit: 20962.","3.63","","10","VS-SHA-20962","products/vs/MJETE-PUNE-VS-ZHWE-VS/20962.jpg","true","false"
"Vegla Pune","Burgi","Burgi per Dru Rrumbullaket Zw-F0425 60Mm","Burgi per Dru Rrumbullaket Zw-F0425 60Mm. Produkt per Shajme. Kodi i produktit: 20963.","4.20","","10","VS-SHA-20963","products/vs/MJETE-PUNE-VS-ZHWE-VS/20963.jpg","true","false"
"Vegla Pune","Burgi","Burgi Rrumbullaket Druri Zw-Fo501 35Mm","Burgi Rrumbullaket Druri Zw-Fo501 35Mm. Produkt per Shajme. Kodi i produktit: 20964.","2.90","","10","VS-SHA-20964","products/vs/MJETE-PUNE-VS-ZHWE-VS/20964.jpg","true","false"
"Vegla Pune","Burgi","Burgia Kanufi 1/16 Kw Zhw","Burgia Kanufi 1/16 Kw Zhw. Produkt per Shajme. Kodi i produktit: 21231.","8.70","","10","VS-SHA-21231","products/vs/MJETE-PUNE-VS-ZHWE-VS/21231.jpg","true","false"
"Vegla Pune","Shajme","Shajme 21232","Produkt cilesor nga kategoria Shajme. Pershkrimi final dhe specifikat duhet te plotesohen pas verifikimit te produktit.","10.15","","10","VS-SHA-21232","products/vs/MJETE-PUNE-VS-ZHWE-VS/21232.jpg","true","false"
"Vegla Pune","Burgi","Burgi Rrumbullaket Xhami 6Mm","Burgi Rrumbullaket Xhami 6Mm. Produkt per Shajme. Kodi i produktit: 21331.","0.36","","10","VS-SHA-21331","products/vs/MJETE-PUNE-VS-ZHWE-VS/21331.jpg","true","false"
"Vegla Pune","Burgi","Burgi Rrumbullaket Xhami 8Mm","Burgi Rrumbullaket Xhami 8Mm. Produkt per Shajme. Kodi i produktit: 21332.","0.44","","10","VS-SHA-21332","products/vs/MJETE-PUNE-VS-ZHWE-VS/21332.jpg","true","false"
"Vegla Pune","Burgi","Burgi Rrumbulllaket Xhami 10Mm","Burgi Rrumbulllaket Xhami 10Mm. Produkt per Shajme. Kodi i produktit: 21333.","0.51","","10","VS-SHA-21333","products/vs/MJETE-PUNE-VS-ZHWE-VS/21333.jpg","true","false"
"Vegla Pune","Burgi","Burgi Rrumbullaket Xhami 12Mm","Burgi Rrumbullaket Xhami 12Mm. Produkt per Shajme. Kodi i produktit: 21334.","0.65","","10","VS-SHA-21334","products/vs/MJETE-PUNE-VS-ZHWE-VS/21334.jpg","true","false"
"Vegla Pune","Burgi","Burgi Rrumbullaket Xhami 14Mm","Burgi Rrumbullaket Xhami 14Mm. Produkt per Shajme. Kodi i produktit: 21335.","0.73","","10","VS-SHA-21335","products/vs/MJETE-PUNE-VS-ZHWE-VS/21335.jpg","true","false"
"Vegla Pune","Burgi","Burgi Rrumbullaket Xhami 16Mm","Burgi Rrumbullaket Xhami 16Mm. Produkt per Shajme. Kodi i produktit: 21336.","0.87","","10","VS-SHA-21336","products/vs/MJETE-PUNE-VS-ZHWE-VS/21336.jpg","true","false"
"Vegla Pune","Shajme","Shajme 21337","Produkt cilesor nga kategoria Shajme. Pershkrimi final dhe specifikat duhet te plotesohen pas verifikimit te produktit.","0.94","","10","VS-SHA-21337","products/vs/MJETE-PUNE-VS-ZHWE-VS/21337.jpg","true","false"
"Vegla Pune","Burgi","Burgi Rrumbullaket Xhami 20Mm","Burgi Rrumbullaket Xhami 20Mm. Produkt per Shajme. Kodi i produktit: 21338.","1.09","","10","VS-SHA-21338","products/vs/MJETE-PUNE-VS-ZHWE-VS/21338.jpg","true","false"
"Vegla Pune","Sharra","Lame EE","Lame EE. Produkt per Shajme. Kodi i produktit: 21339.","1.16","","10","VS-SHA-21339","products/vs/MJETE-PUNE-VS-ZHWE-VS/21339.jpg","true","false"
"Vegla Pune","Burgi","Burgi Rrumbulllaket Xhami 24Mm","Burgi Rrumbulllaket Xhami 24Mm. Produkt per Shajme. Kodi i produktit: 21340.","1.31","","10","VS-SHA-21340","products/vs/MJETE-PUNE-VS-ZHWE-VS/21340.jpg","true","false"
"Vegla Pune","Shajme","Shajme 21341","Produkt cilesor nga kategoria Shajme. Pershkrimi final dhe specifikat duhet te plotesohen pas verifikimit te produktit.","1.45","","10","VS-SHA-21341","products/vs/MJETE-PUNE-VS-ZHWE-VS/21341.jpg","true","false"
"Vegla Pune","Shajme","Shajme 21342","Produkt cilesor nga kategoria Shajme. Pershkrimi final dhe specifikat duhet te plotesohen pas verifikimit te produktit.","1.60","","10","VS-SHA-21342","products/vs/MJETE-PUNE-VS-ZHWE-VS/21342.jpg","true","false"
"Vegla Pune","Shajme","Shajme 21343","Produkt cilesor nga kategoria Shajme. Pershkrimi final dhe specifikat duhet te plotesohen pas verifikimit te produktit.","1.74","","10","VS-SHA-21343","products/vs/MJETE-PUNE-VS-ZHWE-VS/21343.jpg","true","false"
"Vegla Pune","Burgi","Burgi Rrumbulllaket Xhami 32Mm","Burgi Rrumbulllaket Xhami 32Mm. Produkt per Shajme. Kodi i produktit: 21344.","1.81","","10","VS-SHA-21344","products/vs/MJETE-PUNE-VS-ZHWE-VS/21344.jpg","true","false"
"Vegla Pune","Kaqavida","Koke Kaqgavide PH2 65 ZHW 1/2","Koke Kaqgavide PH2 65 ZHW 1/2. Produkt per Shajme. Kodi i produktit: 21345.","1.16","","10","VS-SHA-21345","products/vs/MJETE-PUNE-VS-ZHWE-VS/21345.jpg","true","false"
"Elektronike","Burmashina","Set per Makin Vibruse Zhw 1/5","Set per Makin Vibruse Zhw 1/5. Produkt per Shajme. Kodi i produktit: 21346.","7.25","","10","VS-SHA-21346","products/vs/MJETE-PUNE-VS-ZHWE-VS/21346.jpg","true","false"
"Vegla Pune","Burgi","Burgi Rrumbllakt Xhami 1/4 Zhw","Burgi Rrumbllakt Xhami 1/4 Zhw. Produkt per Shajme. Kodi i produktit: 21347.","72.50","","10","VS-SHA-21347","products/vs/MJETE-PUNE-VS-ZHWE-VS/21347.jpg","true","false"
"Vegla Pune","Burgi","Burgi Rrumbullaket Xhami 1/10","Burgi Rrumbullaket Xhami 1/10. Produkt per Shajme. Kodi i produktit: 21348.","55.10","","10","VS-SHA-21348","products/vs/MJETE-PUNE-VS-ZHWE-VS/21348.jpg","true","false"
"Vegla Pune","Burgi","Burgi Metali 1/19 Zhw","Burgi Metali 1/19 Zhw. Produkt per Shajme. Kodi i produktit: 21349.","10.15","","10","VS-SHA-21349","products/vs/MJETE-PUNE-VS-ZHWE-VS/21349.jpg","true","false"
"Vegla Pune","Shajme","Shajme 21350","Produkt cilesor nga kategoria Shajme. Pershkrimi final dhe specifikat duhet te plotesohen pas verifikimit te produktit.","20.01","","10","VS-SHA-21350","products/vs/MJETE-PUNE-VS-ZHWE-VS/21350.jpg","true","false"
"Vegla Pune","Burgi","Burgi Metali 1/6 Zhw me Lloz","Burgi Metali 1/6 Zhw me Lloz. Produkt per Shajme. Kodi i produktit: 21351.","7.98","","10","VS-SHA-21351","products/vs/MJETE-PUNE-VS-ZHWE-VS/21351.jpg","true","false"
"Vegla Pune","Shajme","Shajme 21510","Produkt cilesor nga kategoria Shajme. Pershkrimi final dhe specifikat duhet te plotesohen pas verifikimit te produktit.","17.40","","10","VS-SHA-21510","products/vs/MJETE-PUNE-VS-ZHWE-VS/21510.jpg","true","false"
"Vegla Pune","Shajme","Shajme 21511","Produkt cilesor nga kategoria Shajme. Pershkrimi final dhe specifikat duhet te plotesohen pas verifikimit te produktit.","21.75","","10","VS-SHA-21511","products/vs/MJETE-PUNE-VS-ZHWE-VS/21511.jpg","true","false"
"Vegla Pune","Burgi","Burgi Xhami 6Mm Blue","Burgi Xhami 6Mm Blue. Produkt per Shajme. Kodi i produktit: 21633.","1.16","","10","VS-SHA-21633","products/vs/MJETE-PUNE-VS-ZHWE-VS/21633.jpg","true","false"
"Vegla Pune","Burgi","Burgi Keramik 6Mm","Burgi Keramik 6Mm. Produkt per Shajme. Kodi i produktit: 21634.","0.58","","10","VS-SHA-21634","products/vs/MJETE-PUNE-VS-ZHWE-VS/21634.jpg","true","false"
"Vegla Pune","Shajme","Shajme 21635","Produkt cilesor nga kategoria Shajme. Pershkrimi final dhe specifikat duhet te plotesohen pas verifikimit te produktit.","1.45","","10","VS-SHA-21635","products/vs/MJETE-PUNE-VS-ZHWE-VS/21635.jpg","true","false"
"Vegla Pune","Shajme","Shajme 21636","Produkt cilesor nga kategoria Shajme. Pershkrimi final dhe specifikat duhet te plotesohen pas verifikimit te produktit.","1.74","","10","VS-SHA-21636","products/vs/MJETE-PUNE-VS-ZHWE-VS/21636.jpg","true","false"
"Vegla Pune","Burgi","Burgi Keramik 12MM","Burgi Keramik 12MM. Produkt per Shajme. Kodi i produktit: 21637.","1.16","","10","VS-SHA-21637","products/vs/MJETE-PUNE-VS-ZHWE-VS/21637.jpg","true","false"
"Vegla Pune","Shajme","Shajme 21791","Produkt cilesor nga kategoria Shajme. Pershkrimi final dhe specifikat duhet te plotesohen pas verifikimit te produktit.","3.63","","10","VS-SHA-21791","products/vs/MJETE-PUNE-VS-ZHWE-VS/21791.jpg","true","false"
"Vegla Pune","Kaqavida","Koke Kaqavide Ph2*70 Zhw","Koke Kaqavide Ph2*70 Zhw. Produkt per Shajme. Kodi i produktit: 21792.","0.51","","10","VS-SHA-21792","products/vs/MJETE-PUNE-VS-ZHWE-VS/21792.jpg","true","false"
"Vegla Pune","Kaqavida","Koke Kaqavide Ph2*90 Zhw","Koke Kaqavide Ph2*90 Zhw. Produkt per Shajme. Kodi i produktit: 21793.","0.58","","10","VS-SHA-21793","products/vs/MJETE-PUNE-VS-ZHWE-VS/21793.jpg","true","false"
"Vegla Pune","Shajme","Shajme 21794","Produkt cilesor nga kategoria Shajme. Pershkrimi final dhe specifikat duhet te plotesohen pas verifikimit te produktit.","0.29","","10","VS-SHA-21794","products/vs/MJETE-PUNE-VS-ZHWE-VS/21794.jpg","true","false"
"Vegla Pune","Shajme","Shajme 21795","Produkt cilesor nga kategoria Shajme. Pershkrimi final dhe specifikat duhet te plotesohen pas verifikimit te produktit.","0.44","","10","VS-SHA-21795","products/vs/MJETE-PUNE-VS-ZHWE-VS/21795.jpg","true","false"
"Vegla Pune","Shajme","Shajme 21796","Produkt cilesor nga kategoria Shajme. Pershkrimi final dhe specifikat duhet te plotesohen pas verifikimit te produktit.","2.17","","10","VS-SHA-21796","products/vs/MJETE-PUNE-VS-ZHWE-VS/21796.jpg","true","false"
"Vegla Pune","Diska","Disk Shumefunksional 115*4.5""","Disk Shumefunksional 115*4.5"". Produkt per Shajme. Kodi i produktit: 21797.","3.33","","10","VS-SHA-21797","products/vs/MJETE-PUNE-VS-ZHWE-VS/21797.jpg","true","false"
"Vegla Pune","Diska","Disk per Xham 115*4.5""","Disk per Xham 115*4.5"". Produkt per Shajme. Kodi i produktit: 21798.","3.92","","10","VS-SHA-21798","products/vs/MJETE-PUNE-VS-ZHWE-VS/21798.jpg","true","false"
"Vegla Pune","Diska","Disk per Metal 115*4.5""","Disk per Metal 115*4.5"". Produkt per Shajme. Kodi i produktit: 21799.","3.63","","10","VS-SHA-21799","products/vs/MJETE-PUNE-VS-ZHWE-VS/21799.jpg","true","false"
"Vegla Pune","Diska","Disk per Dru 115*4.5”","Disk per Dru 115*4.5”. Produkt per Shajme. Kodi i produktit: 21800.","2.76","","10","VS-SHA-21800","products/vs/MJETE-PUNE-VS-ZHWE-VS/21800.jpg","true","false"
"Vegla Pune","Burgi","Burgi Druri Set 1/6 Zhw","Burgi Druri Set 1/6 Zhw. Produkt per Shajme. Kodi i produktit: 21801.","2.61","","10","VS-SHA-21801","products/vs/MJETE-PUNE-VS-ZHWE-VS/21801.jpg","true","false"
"Vegla Pune","Dalta","Dalt Betoni Sds 14*250*","Dalt Betoni Sds 14*250*. Produkt per Shajme. Kodi i produktit: 21821.","1.16","","10","VS-SHA-21821","products/vs/MJETE-PUNE-VS-ZHWE-VS/21821.jpg","true","false"
"Vegla Pune","Dalta","Dalt Betoni Sds 14*250-","Dalt Betoni Sds 14*250-. Produkt per Shajme. Kodi i produktit: 21822.","1.16","","10","VS-SHA-21822","products/vs/MJETE-PUNE-VS-ZHWE-VS/21822.jpg","true","false"
"Vegla Pune","Dalta","Dalt Betoni Sds 14*250*50","Dalt Betoni Sds 14*250*50. Produkt per Shajme. Kodi i produktit: 21823.","1.89","","10","VS-SHA-21823","products/vs/MJETE-PUNE-VS-ZHWE-VS/21823.jpg","true","false"
"Vegla Pune","Dalta","Dalt Betoni Sds 17*280*75","Dalt Betoni Sds 17*280*75. Produkt per Shajme. Kodi i produktit: 21824.","3.05","","10","VS-SHA-21824","products/vs/MJETE-PUNE-VS-ZHWE-VS/21824.jpg","true","false"
"Vegla Pune","Kaqavida","Koke Kaqavide Ph2*25 (Bit","Koke Kaqavide Ph2*25 (Bit. Produkt per Shajme. Kodi i produktit: 21825.","0.22","","10","VS-SHA-21825","products/vs/MJETE-PUNE-VS-ZHWE-VS/21825.jpg","true","false"
"Vegla Pune","Burgi","Burgi e Rrumbullaket Xhami 35Mm","Burgi e Rrumbullaket Xhami 35Mm. Produkt per Shajme. Kodi i produktit: 22030.","1.96","","10","VS-SHA-22030","products/vs/MJETE-PUNE-VS-ZHWE-VS/22030.jpg","true","false"
"Vegla Pune","Burgi","Burgi e Rrumbullaket Xhami 38Mm","Burgi e Rrumbullaket Xhami 38Mm. Produkt per Shajme. Kodi i produktit: 22031.","2.10","","10","VS-SHA-22031","products/vs/MJETE-PUNE-VS-ZHWE-VS/22031.jpg","true","false"
"Vegla Pune","Burgi","Burgi e Rrumbullaket Xhami 40Mm","Burgi e Rrumbullaket Xhami 40Mm. Produkt per Shajme. Kodi i produktit: 22032.","2.25","","10","VS-SHA-22032","products/vs/MJETE-PUNE-VS-ZHWE-VS/22032.jpg","true","false"
"Vegla Pune","Shajme","Shajme 22033","Produkt cilesor nga kategoria Shajme. Pershkrimi final dhe specifikat duhet te plotesohen pas verifikimit te produktit.","2.32","","10","VS-SHA-22033","products/vs/MJETE-PUNE-VS-ZHWE-VS/22033.jpg","true","false"
"Vegla Pune","Burgi","Burgi Konus Zhw 1/3","Burgi Konus Zhw 1/3. Produkt per Shajme. Kodi i produktit: 22034.","11.60","","10","VS-SHA-22034","products/vs/MJETE-PUNE-VS-ZHWE-VS/22034.jpg","true","false"
"Vegla Pune","Diska","Disk per Keramik 115Mm Zhw","Disk per Keramik 115Mm Zhw. Produkt per Shajme. Kodi i produktit: 22035.","4.06","","10","VS-SHA-22035","products/vs/MJETE-PUNE-VS-ZHWE-VS/22035.jpg","true","false"
"Vegla Pune","Diska","Disk per Dru 115*40T Zhw","Disk per Dru 115*40T Zhw. Produkt per Shajme. Kodi i produktit: 22036.","2.61","","10","VS-SHA-22036","products/vs/MJETE-PUNE-VS-ZHWE-VS/22036.jpg","true","false"
"Vegla Pune","Diska","Disk per Dru 230*60T Zhw","Disk per Dru 230*60T Zhw. Produkt per Shajme. Kodi i produktit: 22037.","9.42","","10","VS-SHA-22037","products/vs/MJETE-PUNE-VS-ZHWE-VS/22037.jpg","true","false"
"Vegla Pune","Diska","Disk Grryes Betoni 115Mm 2 Dhom Zhw","Disk Grryes Betoni 115Mm 2 Dhom Zhw. Produkt per Shajme. Kodi i produktit: 22038.","7.25","","10","VS-SHA-22038","products/vs/MJETE-PUNE-VS-ZHWE-VS/22038.jpg","true","false"
"Vegla Pune","Diska","Disk Grryes Betoni 115Mm Zhw","Disk Grryes Betoni 115Mm Zhw. Produkt per Shajme. Kodi i produktit: 22039.","6.53","","10","VS-SHA-22039","products/vs/MJETE-PUNE-VS-ZHWE-VS/22039.jpg","true","false"
"Vegla Pune","Diska","Disk Grryes Betoni 180Mm 2 Dhom Zhw","Disk Grryes Betoni 180Mm 2 Dhom Zhw. Produkt per Shajme. Kodi i produktit: 22040.","15.95","","10","VS-SHA-22040","products/vs/MJETE-PUNE-VS-ZHWE-VS/22040.jpg","true","false"
"Vegla Pune","Dalta","Dalt Betoni Sds 1/3 Zhw","Dalt Betoni Sds 1/3 Zhw. Produkt per Shajme. Kodi i produktit: 22041.","4.35","","10","VS-SHA-22041","products/vs/MJETE-PUNE-VS-ZHWE-VS/22041.jpg","true","false"
